edad,sexo,idioma,indigena,depto,zona,no_inscribio_motivo,desercion_real,desercion_predicha,probabilidad
9.0,1.0,6.0,2.0,6.0,1.0,-1.0,0,0,0.0
9.0,1.0,6.0,2.0,1.0,2.0,-1.0,0,0,0.0
13.0,2.0,6.0,2.0,3.0,2.0,-1.0,0,0,0.0
13.0,2.0,6.0,2.0,2.0,1.0,-1.0,0,0,0.0
13.0,2.0,6.0,1.0,2.0,1.0,-1.0,0,0,0.0
6.0,2.0,6.0,2.0,9.0,1.0,-1.0,0,0,0.0
14.0,1.0,6.0,1.0,9.0,2.0,-1.0,0,0,0.0
14.0,2.0,6.0,2.0,3.0,1.0,-1.0,0,0,0.0
7.0,2.0,6.0,2.0,7.0,1.0,-1.0,0,0,0.0
17.0,2.0,6.0,2.0,1.0,1.0,-1.0,0,0,0.0
12.0,1.0,6.0,2.0,7.0,1.0,-1.0,0,0,0.0
14.0,2.0,6.0,2.0,2.0,1.0,-1.0,0,0,0.0
13.0,2.0,6.0,1.0,7.0,1.0,-1.0,0,0,0.0
10.0,1.0,6.0,2.0,6.0,1.0,-1.0,0,0,0.0
7.0,1.0,27.0,1.0,3.0,2.0,-1.0,0,0,0.0
15.0,2.0,6.0,2.0,9.0,2.0,-1.0,0,0,0.0
11.0,1.0,6.0,2.0,3.0,1.0,-1.0,0,0,0.0
13.0,2.0,6.0,1.0,2.0,1.0,-1.0,0,0,0.0
9.0,2.0,6.0,1.0,5.0,2.0,-1.0,0,0,0.0
12.0,2.0,6.0,2.0,8.0,1.0,-1.0,0,0,0.0
10.0,1.0,6.0,2.0,2.0,1.0,-1.0,0,0,0.0
15.0,2.0,6.0,2.0,2.0,1.0,-1.0,0,0,0.0
11.0,1.0,6.0,2.0,8.0,1.0,-1.0,0,0,0.0
10.0,2.0,6.0,2.0,7.0,1.0,-1.0,0,0,0.0
9.0,1.0,6.0,2.0,2.0,1.0,-1.0,0,0,0.0
17.0,2.0,6.0,1.0,5.0,1.0,5.0,1,1,0.9867
13.0,2.0,6.0,2.0,2.0,1.0,-1.0,0,0,0.0
10.0,2.0,6.0,2.0,5.0,1.0,-1.0,0,0,0.0
12.0,2.0,6.0,2.0,9.0,2.0,-1.0,0,0,0.0
15.0,2.0,6.0,2.0,3.0,1.0,-1.0,0,0,0.0
10.0,1.0,27.0,1.0,5.0,2.0,-1.0,0,0,0.0
12.0,1.0,27.0,2.0,3.0,2.0,-1.0,0,0,0.0
18.0,1.0,6.0,2.0,7.0,1.0,-1.0,0,0,0.0
14.0,1.0,6.0,2.0,6.0,1.0,-1.0,0,0,0.0
13.0,2.0,6.0,2.0,3.0,1.0,-1.0,0,0,0.0
14.0,1.0,6.0,1.0,5.0,1.0,-1.0,0,0,0.0
11.0,1.0,6.0,2.0,2.0,1.0,-1.0,0,0,0.0
18.0,2.0,6.0,2.0,7.0,1.0,-1.0,0,0,0.0
12.0,2.0,6.0,2.0,2.0,1.0,-1.0,0,0,0.0
14.0,2.0,6.0,2.0,7.0,1.0,-1.0,0,0,0.0
7.0,2.0,6.0,2.0,4.0,2.0,-1.0,0,0,0.0
14.0,2.0,27.0,1.0,5.0,2.0,-1.0,0,0,0.0
16.0,2.0,6.0,2.0,9.0,2.0,-1.0,0,0,0.0
12.0,1.0,27.0,2.0,3.0,2.0,-1.0,0,0,0.0
15.0,1.0,27.0,2.0,1.0,2.0,-1.0,0,0,0.0
9.0,1.0,6.0,2.0,5.0,1.0,-1.0,0,0,0.0
15.0,2.0,6.0,1.0,1.0,2.0,-1.0,0,0,0.0033
13.0,2.0,6.0,2.0,6.0,1.0,-1.0,0,0,0.0
18.0,1.0,6.0,2.0,9.0,1.0,-1.0,0,0,0.0
14.0,1.0,6.0,2.0,9.0,1.0,-1.0,0,0,0.0
8.0,1.0,58.0,2.0,7.0,1.0,-1.0,0,0,0.02
12.0,1.0,6.0,1.0,2.0,1.0,-1.0,0,0,0.0
6.0,1.0,6.0,2.0,5.0,1.0,-1.0,0,0,0.0
18.0,2.0,6.0,2.0,8.0,2.0,-1.0,0,0,0.0
6.0,1.0,6.0,2.0,7.0,1.0,-1.0,0,0,0.0
17.0,2.0,27.0,1.0,7.0,2.0,-1.0,0,0,0.0367
17.0,2.0,6.0,2.0,2.0,1.0,-1.0,0,0,0.0
6.0,1.0,6.0,2.0,8.0,1.0,-1.0,0,0,0.0
9.0,2.0,6.0,1.0,4.0,2.0,-1.0,0,0,0.0
6.0,1.0,6.0,2.0,3.0,1.0,-1.0,0,0,0.0
7.0,2.0,6.0,2.0,6.0,2.0,-1.0,0,0,0.0
14.0,1.0,6.0,2.0,3.0,1.0,-1.0,0,0,0.0
12.0,1.0,6.0,2.0,2.0,1.0,-1.0,0,0,0.0
14.0,2.0,6.0,2.0,2.0,1.0,-1.0,0,0,0.0
13.0,1.0,6.0,2.0,3.0,1.0,-1.0,0,0,0.0
16.0,1.0,6.0,1.0,9.0,2.0,-1.0,0,0,0.0
9.0,2.0,6.0,2.0,7.0,1.0,-1.0,0,0,0.0
7.0,2.0,6.0,2.0,2.0,1.0,-1.0,0,0,0.0
7.0,1.0,6.0,2.0,7.0,1.0,-1.0,0,0,0.0
14.0,1.0,6.0,2.0,3.0,1.0,-1.0,0,0,0.0
12.0,2.0,2.0,1.0,2.0,2.0,-1.0,0,0,0.0
15.0,2.0,27.0,1.0,2.0,2.0,-1.0,0,0,0.02
10.0,2.0,6.0,2.0,5.0,1.0,-1.0,0,0,0.0
7.0,1.0,6.0,1.0,5.0,2.0,-1.0,0,0,0.0
7.0,2.0,6.0,2.0,2.0,1.0,-1.0,0,0,0.0
6.0,1.0,6.0,2.0,4.0,1.0,-1.0,0,0,0.0
14.0,2.0,6.0,2.0,4.0,1.0,-1.0,0,0,0.0
13.0,2.0,27.0,2.0,1.0,2.0,-1.0,0,0,0.0
6.0,2.0,6.0,2.0,7.0,1.0,-1.0,0,0,0.0
7.0,1.0,6.0,2.0,2.0,1.0,-1.0,0,0,0.0
13.0,1.0,6.0,1.0,2.0,1.0,-1.0,0,0,0.0
17.0,2.0,6.0,2.0,2.0,1.0,-1.0,0,0,0.0
13.0,1.0,6.0,1.0,2.0,1.0,-1.0,0,0,0.0
17.0,2.0,6.0,2.0,8.0,1.0,-1.0,0,0,0.0
14.0,1.0,6.0,2.0,4.0,1.0,-1.0,0,0,0.0
13.0,2.0,6.0,2.0,8.0,1.0,-1.0,0,0,0.0
9.0,1.0,6.0,2.0,2.0,2.0,-1.0,0,0,0.0
7.0,1.0,6.0,2.0,6.0,1.0,-1.0,0,0,0.0
13.0,2.0,6.0,2.0,7.0,1.0,-1.0,0,0,0.0
8.0,2.0,6.0,2.0,3.0,1.0,-1.0,0,0,0.0
13.0,2.0,27.0,1.0,3.0,2.0,-1.0,0,0,0.0
7.0,1.0,6.0,2.0,7.0,1.0,-1.0,0,0,0.0
12.0,1.0,6.0,1.0,4.0,2.0,-1.0,0,0,0.0
6.0,2.0,6.0,2.0,3.0,2.0,-1.0,0,0,0.0
11.0,1.0,6.0,2.0,4.0,1.0,-1.0,0,0,0.0
8.0,2.0,6.0,2.0,6.0,2.0,-1.0,0,0,0.0
13.0,1.0,6.0,2.0,3.0,1.0,-1.0,0,0,0.0
8.0,2.0,6.0,2.0,7.0,1.0,-1.0,0,0,0.0
10.0,2.0,6.0,2.0,7.0,2.0,-1.0,0,0,0.0
16.0,1.0,41.0,2.0,7.0,2.0,6.0,1,1,0.9867
7.0,1.0,6.0,1.0,2.0,2.0,-1.0,0,0,0.0
13.0,1.0,6.0,2.0,2.0,1.0,-1.0,0,0,0.0
16.0,1.0,6.0,2.0,7.0,1.0,-1.0,0,0,0.0
7.0,1.0,6.0,2.0,1.0,1.0,-1.0,0,0,0.0
10.0,1.0,6.0,2.0,6.0,1.0,-1.0,0,0,0.0
17.0,2.0,6.0,2.0,2.0,1.0,-1.0,0,0,0.0
18.0,1.0,6.0,2.0,2.0,1.0,1.0,1,1,0.9967
10.0,2.0,6.0,2.0,5.0,2.0,-1.0,0,0,0.0
14.0,2.0,6.0,2.0,2.0,1.0,-1.0,0,0,0.0
16.0,2.0,6.0,2.0,4.0,2.0,-1.0,0,0,0.0
8.0,1.0,6.0,2.0,2.0,2.0,-1.0,0,0,0.0
12.0,1.0,6.0,2.0,1.0,1.0,-1.0,0,0,0.0
17.0,1.0,6.0,2.0,6.0,1.0,-1.0,0,0,0.0
9.0,1.0,6.0,2.0,6.0,1.0,-1.0,0,0,0.0
7.0,2.0,6.0,1.0,4.0,2.0,-1.0,0,0,0.0
8.0,1.0,6.0,2.0,1.0,1.0,-1.0,0,0,0.0
9.0,1.0,6.0,2.0,7.0,1.0,-1.0,0,0,0.0
6.0,2.0,41.0,2.0,7.0,2.0,-1.0,0,0,0.0033
14.0,2.0,6.0,1.0,7.0,1.0,-1.0,0,0,0.0
17.0,2.0,6.0,2.0,7.0,1.0,-1.0,0,0,0.0
11.0,1.0,6.0,2.0,7.0,1.0,-1.0,0,0,0.0
10.0,1.0,6.0,1.0,4.0,2.0,-1.0,0,0,0.0
9.0,1.0,6.0,2.0,4.0,2.0,-1.0,0,0,0.0
16.0,1.0,6.0,2.0,2.0,1.0,-1.0,0,0,0.0
13.0,1.0,6.0,2.0,2.0,2.0,-1.0,0,0,0.0
18.0,2.0,6.0,2.0,4.0,1.0,-1.0,0,0,0.0
10.0,2.0,6.0,2.0,1.0,2.0,-1.0,0,0,0.0
15.0,2.0,6.0,2.0,7.0,1.0,-1.0,0,0,0.0
9.0,1.0,6.0,2.0,7.0,1.0,-1.0,0,0,0.0
14.0,2.0,6.0,2.0,7.0,1.0,-1.0,0,0,0.0
12.0,1.0,6.0,1.0,2.0,1.0,-1.0,0,0,0.0
15.0,2.0,6.0,2.0,2.0,1.0,-1.0,0,0,0.0
9.0,1.0,6.0,2.0,6.0,2.0,-1.0,0,0,0.0
14.0,2.0,6.0,2.0,5.0,1.0,-1.0,0,0,0.0
6.0,2.0,6.0,2.0,7.0,2.0,5.0,1,1,0.93
18.0,1.0,6.0,2.0,8.0,1.0,-1.0,0,0,0.0
8.0,1.0,6.0,2.0,2.0,1.0,-1.0,0,0,0.0
8.0,2.0,6.0,2.0,3.0,1.0,-1.0,0,0,0.0
10.0,2.0,6.0,2.0,1.0,1.0,-1.0,0,0,0.0
8.0,2.0,6.0,2.0,2.0,1.0,-1.0,0,0,0.0
9.0,1.0,6.0,2.0,2.0,2.0,-1.0,0,0,0.0
16.0,1.0,2.0,1.0,2.0,2.0,-1.0,0,0,0.0
17.0,2.0,6.0,2.0,8.0,1.0,-1.0,0,0,0.0
14.0,1.0,6.0,2.0,1.0,2.0,-1.0,0,0,0.0
17.0,2.0,6.0,1.0,3.0,1.0,-1.0,0,0,0.0
17.0,2.0,6.0,2.0,8.0,2.0,-1.0,0,0,0.0
18.0,2.0,6.0,2.0,3.0,1.0,-1.0,0,0,0.0
13.0,1.0,6.0,2.0,7.0,1.0,-1.0,0,0,0.0
17.0,2.0,6.0,2.0,2.0,1.0,-1.0,0,0,0.0
7.0,1.0,6.0,2.0,3.0,1.0,-1.0,0,0,0.0
10.0,2.0,6.0,1.0,5.0,2.0,-1.0,0,0,0.0
18.0,1.0,6.0,2.0,3.0,1.0,-1.0,0,0,0.0
15.0,1.0,6.0,2.0,1.0,1.0,-1.0,0,0,0.0
16.0,2.0,6.0,2.0,3.0,1.0,-1.0,0,0,0.0
6.0,1.0,6.0,2.0,3.0,1.0,-1.0,0,0,0.0
10.0,1.0,6.0,2.0,4.0,1.0,-1.0,0,0,0.0
15.0,1.0,6.0,2.0,3.0,1.0,-1.0,0,0,0.0
9.0,2.0,6.0,2.0,4.0,2.0,-1.0,0,0,0.0
10.0,2.0,6.0,2.0,2.0,2.0,-1.0,0,0,0.0
7.0,2.0,6.0,1.0,2.0,1.0,-1.0,0,0,0.0
10.0,2.0,6.0,2.0,2.0,1.0,-1.0,0,0,0.0
15.0,2.0,27.0,2.0,3.0,2.0,-1.0,0,0,0.0
6.0,1.0,6.0,2.0,1.0,2.0,-1.0,0,0,0.0
17.0,1.0,6.0,1.0,2.0,2.0,-1.0,0,0,0.0
13.0,2.0,6.0,2.0,9.0,1.0,-1.0,0,0,0.0
11.0,2.0,6.0,2.0,5.0,2.0,-1.0,0,0,0.0
9.0,1.0,6.0,2.0,3.0,1.0,-1.0,0,0,0.0
9.0,1.0,41.0,2.0,7.0,2.0,-1.0,0,0,0.0
13.0,2.0,6.0,1.0,2.0,2.0,-1.0,0,0,0.0
18.0,1.0,11.0,1.0,9.0,2.0,2.0,1,1,0.8633
9.0,2.0,6.0,1.0,9.0,2.0,-1.0,0,0,0.0
9.0,1.0,6.0,2.0,3.0,1.0,-1.0,0,0,0.0
17.0,1.0,6.0,2.0,8.0,1.0,-1.0,0,0,0.0
6.0,2.0,6.0,2.0,2.0,1.0,-1.0,0,0,0.0
13.0,2.0,6.0,2.0,6.0,1.0,-1.0,0,0,0.0
13.0,1.0,6.0,1.0,7.0,1.0,-1.0,0,0,0.0
13.0,1.0,6.0,2.0,2.0,1.0,-1.0,0,0,0.0
15.0,2.0,6.0,2.0,3.0,1.0,-1.0,0,0,0.0
10.0,2.0,6.0,2.0,2.0,1.0,-1.0,0,0,0.0
16.0,2.0,27.0,1.0,3.0,2.0,-1.0,0,0,0.0033
9.0,1.0,6.0,2.0,1.0,2.0,-1.0,0,0,0.0
14.0,2.0,6.0,2.0,8.0,1.0,-1.0,0,0,0.0
17.0,2.0,6.0,2.0,2.0,1.0,-1.0,0,0,0.0
9.0,2.0,6.0,2.0,2.0,1.0,-1.0,0,0,0.0
13.0,1.0,6.0,2.0,4.0,1.0,-1.0,0,0,0.0
15.0,1.0,6.0,2.0,2.0,1.0,-1.0,0,0,0.0
6.0,1.0,6.0,2.0,4.0,1.0,-1.0,0,0,0.0
16.0,2.0,6.0,2.0,2.0,1.0,-1.0,0,0,0.0
10.0,2.0,6.0,2.0,7.0,1.0,-1.0,0,0,0.0
7.0,2.0,6.0,2.0,2.0,1.0,-1.0,0,0,0.0
10.0,2.0,6.0,2.0,4.0,1.0,-1.0,0,0,0.0
16.0,2.0,6.0,1.0,2.0,1.0,-1.0,0,0,0.0
9.0,1.0,6.0,2.0,9.0,1.0,-1.0,0,0,0.0
17.0,2.0,6.0,2.0,1.0,2.0,-1.0,0,0,0.0
12.0,2.0,6.0,2.0,6.0,2.0,-1.0,0,0,0.0
6.0,2.0,6.0,2.0,7.0,1.0,-1.0,0,0,0.0
12.0,2.0,6.0,2.0,3.0,1.0,-1.0,0,0,0.0
18.0,2.0,6.0,2.0,7.0,1.0,6.0,1,1,1.0
11.0,2.0,6.0,2.0,7.0,1.0,-1.0,0,0,0.0
18.0,1.0,6.0,2.0,8.0,1.0,6.0,1,1,1.0
17.0,2.0,6.0,2.0,2.0,1.0,5.0,1,1,0.98
14.0,1.0,6.0,2.0,9.0,2.0,-1.0,0,0,0.0
12.0,2.0,6.0,2.0,7.0,1.0,-1.0,0,0,0.0
6.0,1.0,6.0,2.0,1.0,2.0,-1.0,0,0,0.0
17.0,2.0,6.0,2.0,6.0,1.0,-1.0,0,0,0.0
12.0,2.0,6.0,2.0,4.0,1.0,-1.0,0,0,0.0
11.0,2.0,6.0,2.0,7.0,1.0,-1.0,0,0,0.0
8.0,2.0,6.0,2.0,2.0,1.0,-1.0,0,0,0.0
15.0,2.0,6.0,2.0,2.0,1.0,-1.0,0,0,0.0
17.0,2.0,6.0,2.0,2.0,1.0,-1.0,0,0,0.0
7.0,2.0,6.0,2.0,7.0,1.0,-1.0,0,0,0.0
10.0,1.0,6.0,1.0,2.0,1.0,-1.0,0,0,0.0
14.0,2.0,6.0,2.0,2.0,1.0,-1.0,0,0,0.0
14.0,1.0,6.0,2.0,9.0,2.0,-1.0,0,0,0.0
17.0,1.0,6.0,2.0,2.0,1.0,-1.0,0,0,0.0
8.0,1.0,6.0,1.0,4.0,2.0,-1.0,0,0,0.0
16.0,2.0,6.0,2.0,3.0,1.0,-1.0,0,0,0.0
8.0,2.0,6.0,2.0,5.0,2.0,-1.0,0,0,0.0
8.0,1.0,6.0,2.0,7.0,1.0,-1.0,0,0,0.0
6.0,2.0,6.0,2.0,7.0,2.0,-1.0,0,0,0.0
10.0,1.0,6.0,2.0,1.0,1.0,-1.0,0,0,0.0
11.0,2.0,6.0,2.0,7.0,1.0,-1.0,0,0,0.0
7.0,2.0,6.0,2.0,7.0,1.0,-1.0,0,0,0.0
15.0,2.0,6.0,2.0,7.0,1.0,-1.0,0,0,0.0
15.0,1.0,6.0,2.0,8.0,1.0,-1.0,0,0,0.0
18.0,2.0,6.0,2.0,7.0,1.0,-1.0,0,0,0.0
9.0,2.0,6.0,2.0,1.0,1.0,-1.0,0,0,0.0
12.0,1.0,6.0,2.0,4.0,2.0,-1.0,0,0,0.0
11.0,2.0,6.0,1.0,2.0,1.0,-1.0,0,0,0.0
11.0,1.0,6.0,2.0,8.0,1.0,-1.0,0,0,0.0
9.0,1.0,6.0,2.0,9.0,1.0,-1.0,0,0,0.0
11.0,1.0,6.0,2.0,7.0,1.0,-1.0,0,0,0.0
6.0,1.0,6.0,2.0,2.0,1.0,-1.0,0,0,0.0
9.0,2.0,6.0,2.0,3.0,1.0,-1.0,0,0,0.0
13.0,1.0,2.0,2.0,4.0,2.0,-1.0,0,0,0.0
6.0,1.0,6.0,2.0,9.0,2.0,-1.0,0,0,0.0
8.0,1.0,6.0,1.0,7.0,2.0,-1.0,0,0,0.0
11.0,2.0,2.0,1.0,2.0,2.0,-1.0,0,0,0.0
15.0,2.0,6.0,2.0,9.0,2.0,-1.0,0,0,0.0
18.0,1.0,6.0,2.0,7.0,1.0,-1.0,0,0,0.0
16.0,1.0,6.0,1.0,5.0,1.0,-1.0,0,0,0.0
10.0,2.0,6.0,2.0,2.0,1.0,-1.0,0,0,0.0
15.0,1.0,6.0,2.0,2.0,1.0,-1.0,0,0,0.0
7.0,1.0,6.0,2.0,4.0,1.0,-1.0,0,0,0.0
12.0,2.0,6.0,1.0,7.0,2.0,-1.0,0,0,0.0
15.0,2.0,6.0,2.0,9.0,2.0,-1.0,0,0,0.0
17.0,1.0,6.0,2.0,7.0,1.0,-1.0,0,0,0.0
13.0,2.0,6.0,2.0,7.0,1.0,-1.0,0,0,0.0
10.0,1.0,6.0,2.0,1.0,2.0,-1.0,0,0,0.0
14.0,1.0,6.0,2.0,3.0,1.0,6.0,1,1,0.95
11.0,2.0,6.0,2.0,7.0,1.0,-1.0,0,0,0.0
8.0,1.0,6.0,2.0,2.0,1.0,-1.0,0,0,0.0
10.0,1.0,6.0,2.0,2.0,1.0,-1.0,0,0,0.0
9.0,2.0,6.0,2.0,2.0,1.0,-1.0,0,0,0.0
17.0,1.0,6.0,2.0,1.0,2.0,-1.0,0,0,0.0
16.0,2.0,6.0,1.0,2.0,2.0,6.0,1,1,0.92
15.0,2.0,6.0,2.0,6.0,1.0,-1.0,0,0,0.0
14.0,1.0,6.0,2.0,2.0,1.0,-1.0,0,0,0.0
7.0,1.0,6.0,2.0,9.0,1.0,-1.0,0,0,0.0
14.0,2.0,6.0,2.0,8.0,1.0,-1.0,0,0,0.0
7.0,2.0,6.0,2.0,5.0,1.0,-1.0,0,0,0.0
10.0,1.0,6.0,2.0,7.0,1.0,-1.0,0,0,0.0
6.0,1.0,6.0,2.0,5.0,2.0,-1.0,0,0,0.0
17.0,2.0,6.0,2.0,3.0,1.0,-1.0,0,0,0.0
13.0,1.0,6.0,2.0,4.0,1.0,-1.0,0,0,0.0
7.0,2.0,6.0,2.0,4.0,1.0,-1.0,0,0,0.0
7.0,1.0,6.0,2.0,2.0,1.0,-1.0,0,0,0.0
11.0,2.0,6.0,2.0,6.0,2.0,-1.0,0,0,0.0
7.0,2.0,6.0,2.0,2.0,1.0,-1.0,0,0,0.0
9.0,2.0,6.0,2.0,7.0,1.0,-1.0,0,0,0.0
13.0,1.0,6.0,2.0,7.0,2.0,-1.0,0,0,0.0
14.0,2.0,6.0,2.0,3.0,1.0,-1.0,0,0,0.0
15.0,1.0,6.0,2.0,3.0,1.0,-1.0,0,0,0.0
7.0,2.0,6.0,2.0,2.0,1.0,-1.0,0,0,0.0
12.0,2.0,6.0,2.0,7.0,2.0,-1.0,0,0,0.0
14.0,2.0,6.0,2.0,6.0,1.0,-1.0,0,0,0.0
11.0,2.0,6.0,2.0,2.0,1.0,-1.0,0,0,0.0
9.0,2.0,6.0,2.0,7.0,1.0,-1.0,0,0,0.0
11.0,2.0,6.0,2.0,1.0,1.0,-1.0,0,0,0.0
16.0,1.0,6.0,1.0,2.0,2.0,-1.0,0,0,0.0
9.0,2.0,6.0,2.0,9.0,1.0,-1.0,0,0,0.0
16.0,2.0,6.0,2.0,6.0,2.0,-1.0,0,0,0.0
6.0,2.0,6.0,2.0,8.0,1.0,-1.0,0,0,0.0
18.0,2.0,6.0,2.0,9.0,1.0,-1.0,0,0,0.0
14.0,1.0,6.0,2.0,9.0,1.0,-1.0,0,0,0.0
18.0,1.0,27.0,2.0,3.0,2.0,-1.0,0,0,0.0033
9.0,2.0,6.0,2.0,3.0,1.0,-1.0,0,0,0.0
11.0,2.0,6.0,2.0,6.0,2.0,-1.0,0,0,0.0
18.0,2.0,6.0,2.0,7.0,1.0,-1.0,0,0,0.0
17.0,1.0,6.0,2.0,7.0,1.0,-1.0,0,0,0.0
13.0,1.0,6.0,2.0,5.0,1.0,-1.0,0,0,0.0
10.0,2.0,6.0,2.0,4.0,1.0,-1.0,0,0,0.0
12.0,1.0,6.0,1.0,1.0,2.0,-1.0,0,0,0.0
9.0,2.0,6.0,2.0,4.0,1.0,-1.0,0,0,0.0
6.0,1.0,6.0,2.0,1.0,1.0,-1.0,0,0,0.0
13.0,1.0,6.0,2.0,3.0,1.0,-1.0,0,0,0.0
12.0,1.0,6.0,2.0,7.0,1.0,-1.0,0,0,0.0
7.0,1.0,6.0,2.0,7.0,2.0,-1.0,0,0,0.0
8.0,1.0,6.0,2.0,7.0,1.0,-1.0,0,0,0.0
9.0,2.0,6.0,2.0,8.0,1.0,-1.0,0,0,0.0
18.0,1.0,6.0,2.0,7.0,1.0,-1.0,0,0,0.0
14.0,1.0,6.0,2.0,9.0,1.0,-1.0,0,0,0.0
18.0,2.0,6.0,2.0,3.0,1.0,-1.0,0,0,0.0
16.0,1.0,6.0,2.0,3.0,1.0,-1.0,0,0,0.0
13.0,1.0,6.0,2.0,7.0,1.0,-1.0,0,0,0.0
9.0,2.0,6.0,2.0,7.0,1.0,-1.0,0,0,0.0
9.0,1.0,6.0,2.0,4.0,2.0,-1.0,0,0,0.0
15.0,2.0,6.0,2.0,3.0,1.0,-1.0,0,0,0.0
13.0,1.0,6.0,2.0,2.0,1.0,-1.0,0,0,0.0
18.0,2.0,27.0,1.0,5.0,2.0,-1.0,0,0,0.0067
17.0,2.0,6.0,2.0,7.0,1.0,-1.0,0,0,0.0
13.0,2.0,6.0,2.0,2.0,1.0,-1.0,0,0,0.0
12.0,2.0,6.0,1.0,4.0,1.0,-1.0,0,0,0.0
16.0,1.0,6.0,2.0,1.0,2.0,-1.0,0,0,0.0
13.0,1.0,6.0,2.0,3.0,1.0,-1.0,0,0,0.0
7.0,2.0,6.0,1.0,2.0,1.0,-1.0,0,0,0.0
12.0,1.0,6.0,2.0,7.0,1.0,-1.0,0,0,0.0
10.0,1.0,6.0,2.0,2.0,2.0,-1.0,0,0,0.0
9.0,2.0,6.0,2.0,8.0,1.0,-1.0,0,0,0.0
14.0,2.0,6.0,2.0,7.0,1.0,-1.0,0,0,0.0
7.0,1.0,6.0,2.0,7.0,2.0,-1.0,0,0,0.0
9.0,2.0,6.0,2.0,2.0,1.0,-1.0,0,0,0.0
10.0,2.0,6.0,2.0,3.0,1.0,-1.0,0,0,0.0
13.0,1.0,6.0,2.0,7.0,2.0,-1.0,0,0,0.0
13.0,2.0,6.0,2.0,9.0,2.0,-1.0,0,0,0.0
12.0,2.0,6.0,2.0,3.0,1.0,-1.0,0,0,0.0
16.0,2.0,6.0,2.0,7.0,1.0,-1.0,0,0,0.0
13.0,1.0,6.0,2.0,3.0,1.0,-1.0,0,0,0.0
14.0,1.0,6.0,2.0,7.0,1.0,-1.0,0,0,0.0
12.0,1.0,6.0,2.0,7.0,2.0,-1.0,0,0,0.0
14.0,2.0,6.0,2.0,9.0,1.0,-1.0,0,0,0.0
9.0,1.0,6.0,2.0,7.0,1.0,-1.0,0,0,0.0
14.0,2.0,6.0,2.0,2.0,2.0,-1.0,0,0,0.0
18.0,1.0,27.0,2.0,3.0,2.0,-1.0,0,0,0.0033
14.0,2.0,6.0,2.0,6.0,2.0,-1.0,0,0,0.0
6.0,2.0,6.0,2.0,8.0,2.0,-1.0,0,0,0.0
11.0,2.0,6.0,2.0,4.0,2.0,-1.0,0,0,0.0
12.0,2.0,6.0,2.0,3.0,1.0,-1.0,0,0,0.0
8.0,2.0,6.0,2.0,8.0,2.0,-1.0,0,0,0.0
17.0,1.0,6.0,2.0,7.0,1.0,-1.0,0,0,0.0
15.0,2.0,6.0,2.0,8.0,2.0,-1.0,0,0,0.0
8.0,1.0,6.0,2.0,9.0,2.0,-1.0,0,0,0.0
8.0,1.0,6.0,2.0,3.0,1.0,-1.0,0,0,0.0
6.0,1.0,6.0,1.0,7.0,2.0,-1.0,0,0,0.0
14.0,2.0,6.0,2.0,3.0,1.0,-1.0,0,0,0.0
6.0,2.0,6.0,2.0,3.0,1.0,-1.0,0,0,0.0
17.0,1.0,6.0,2.0,3.0,1.0,-1.0,0,0,0.0
8.0,1.0,6.0,2.0,7.0,1.0,-1.0,0,0,0.0
14.0,2.0,6.0,2.0,7.0,1.0,-1.0,0,0,0.0
16.0,2.0,6.0,2.0,2.0,1.0,-1.0,0,0,0.0
10.0,2.0,6.0,2.0,3.0,1.0,-1.0,0,0,0.0
9.0,2.0,6.0,1.0,2.0,1.0,-1.0,0,0,0.0
11.0,1.0,6.0,2.0,9.0,2.0,-1.0,0,0,0.0
18.0,2.0,6.0,2.0,2.0,1.0,-1.0,0,0,0.0
10.0,1.0,6.0,2.0,9.0,1.0,-1.0,0,0,0.0
16.0,1.0,6.0,2.0,2.0,1.0,-1.0,0,0,0.0
11.0,1.0,6.0,2.0,7.0,1.0,-1.0,0,0,0.0
13.0,2.0,6.0,2.0,5.0,2.0,-1.0,0,0,0.0
8.0,1.0,6.0,2.0,2.0,1.0,-1.0,0,0,0.0
13.0,2.0,6.0,2.0,1.0,1.0,-1.0,0,0,0.0
10.0,1.0,6.0,1.0,5.0,2.0,-1.0,0,0,0.0
7.0,1.0,6.0,2.0,4.0,1.0,-1.0,0,0,0.0
10.0,1.0,6.0,2.0,8.0,2.0,-1.0,0,0,0.0
17.0,1.0,6.0,2.0,1.0,1.0,-1.0,0,0,0.0
12.0,2.0,6.0,2.0,3.0,1.0,-1.0,0,0,0.0
6.0,1.0,6.0,2.0,3.0,1.0,-1.0,0,0,0.0
14.0,1.0,6.0,2.0,3.0,2.0,-1.0,0,0,0.0
8.0,1.0,6.0,1.0,5.0,2.0,-1.0,0,0,0.0
16.0,1.0,6.0,2.0,6.0,1.0,-1.0,0,0,0.0
7.0,1.0,6.0,2.0,8.0,1.0,-1.0,0,0,0.0
16.0,2.0,6.0,2.0,2.0,1.0,-1.0,0,0,0.0
10.0,1.0,6.0,2.0,6.0,2.0,-1.0,0,0,0.0
16.0,2.0,6.0,2.0,2.0,1.0,-1.0,0,0,0.0
13.0,1.0,6.0,2.0,3.0,1.0,-1.0,0,0,0.0
17.0,1.0,6.0,2.0,3.0,1.0,-1.0,0,0,0.0
11.0,1.0,6.0,2.0,2.0,1.0,-1.0,0,0,0.0
18.0,1.0,6.0,2.0,7.0,1.0,-1.0,0,0,0.0
12.0,2.0,6.0,2.0,4.0,2.0,-1.0,0,0,0.0
8.0,2.0,6.0,2.0,2.0,2.0,-1.0,0,0,0.0
15.0,1.0,6.0,2.0,8.0,1.0,-1.0,0,0,0.0
8.0,1.0,6.0,2.0,7.0,1.0,-1.0,0,0,0.0
12.0,1.0,6.0,2.0,2.0,1.0,-1.0,0,0,0.0
14.0,2.0,6.0,2.0,2.0,2.0,-1.0,0,0,0.0
17.0,1.0,6.0,1.0,2.0,1.0,-1.0,0,0,0.0
15.0,1.0,41.0,2.0,7.0,2.0,6.0,1,1,0.9867
10.0,2.0,27.0,1.0,3.0,2.0,-1.0,0,0,0.0
18.0,1.0,6.0,2.0,7.0,1.0,-1.0,0,0,0.0
8.0,1.0,6.0,2.0,8.0,1.0,-1.0,0,0,0.0
17.0,2.0,6.0,2.0,2.0,1.0,-1.0,0,0,0.0
14.0,1.0,27.0,2.0,1.0,2.0,-1.0,0,0,0.0
12.0,2.0,6.0,2.0,1.0,1.0,-1.0,0,0,0.0
15.0,1.0,6.0,2.0,3.0,1.0,-1.0,0,0,0.0
8.0,2.0,6.0,2.0,7.0,1.0,-1.0,0,0,0.0
7.0,1.0,6.0,2.0,7.0,1.0,-1.0,0,0,0.0
10.0,2.0,6.0,2.0,7.0,1.0,-1.0,0,0,0.0
12.0,2.0,6.0,2.0,2.0,1.0,-1.0,0,0,0.0
18.0,2.0,27.0,1.0,3.0,1.0,-1.0,0,0,0.0067
10.0,2.0,6.0,2.0,2.0,1.0,-1.0,0,0,0.0
8.0,2.0,6.0,1.0,8.0,2.0,-1.0,0,0,0.0
14.0,1.0,6.0,2.0,3.0,1.0,-1.0,0,0,0.0
13.0,1.0,6.0,2.0,7.0,1.0,-1.0,0,0,0.0
11.0,2.0,6.0,1.0,2.0,1.0,-1.0,0,0,0.0
9.0,1.0,6.0,1.0,2.0,1.0,-1.0,0,0,0.0
10.0,1.0,6.0,2.0,8.0,1.0,-1.0,0,0,0.0
7.0,2.0,6.0,2.0,7.0,1.0,-1.0,0,0,0.0
18.0,1.0,6.0,1.0,2.0,1.0,6.0,1,1,0.9967
13.0,2.0,6.0,2.0,8.0,1.0,-1.0,0,0,0.0
15.0,1.0,6.0,2.0,2.0,1.0,-1.0,0,0,0.0
15.0,1.0,6.0,2.0,4.0,2.0,-1.0,0,0,0.0
16.0,2.0,995.0,2.0,2.0,1.0,2.0,1,1,0.8767
13.0,2.0,6.0,2.0,7.0,1.0,-1.0,0,0,0.0
14.0,2.0,6.0,2.0,1.0,1.0,-1.0,0,0,0.0
9.0,1.0,6.0,2.0,2.0,1.0,-1.0,0,0,0.0
12.0,2.0,6.0,2.0,3.0,1.0,-1.0,0,0,0.0
8.0,1.0,6.0,2.0,6.0,1.0,-1.0,0,0,0.0
13.0,2.0,6.0,2.0,5.0,1.0,-1.0,0,0,0.0
18.0,2.0,6.0,2.0,9.0,1.0,-1.0,0,0,0.0
13.0,2.0,6.0,2.0,8.0,2.0,-1.0,0,0,0.0
12.0,2.0,6.0,2.0,7.0,1.0,-1.0,0,0,0.0
7.0,2.0,6.0,2.0,7.0,1.0,-1.0,0,0,0.0
18.0,2.0,6.0,2.0,6.0,1.0,-1.0,0,0,0.0
14.0,1.0,6.0,2.0,3.0,1.0,-1.0,0,0,0.0
9.0,1.0,6.0,2.0,4.0,1.0,-1.0,0,0,0.0
14.0,2.0,6.0,2.0,9.0,2.0,-1.0,0,0,0.0
11.0,2.0,6.0,2.0,2.0,1.0,-1.0,0,0,0.0
7.0,2.0,6.0,2.0,2.0,1.0,-1.0,0,0,0.0
10.0,1.0,6.0,2.0,3.0,1.0,-1.0,0,0,0.0
15.0,1.0,6.0,2.0,3.0,1.0,-1.0,0,0,0.0
17.0,1.0,6.0,2.0,3.0,1.0,-1.0,0,0,0.0
15.0,2.0,6.0,2.0,9.0,2.0,-1.0,0,0,0.0
6.0,1.0,6.0,2.0,9.0,1.0,-1.0,0,0,0.0
10.0,2.0,6.0,2.0,4.0,1.0,-1.0,0,0,0.0
10.0,1.0,6.0,2.0,5.0,2.0,-1.0,0,0,0.0
14.0,2.0,6.0,2.0,7.0,1.0,-1.0,0,0,0.0
11.0,2.0,6.0,2.0,2.0,1.0,-1.0,0,0,0.0
9.0,1.0,6.0,2.0,1.0,1.0,-1.0,0,0,0.0
16.0,1.0,6.0,2.0,9.0,2.0,-1.0,0,0,0.0
6.0,1.0,6.0,2.0,2.0,1.0,-1.0,0,0,0.0
15.0,2.0,27.0,1.0,3.0,2.0,-1.0,0,0,0.0033
8.0,2.0,27.0,2.0,5.0,2.0,-1.0,0,0,0.0
17.0,2.0,6.0,2.0,3.0,1.0,-1.0,0,0,0.0
16.0,2.0,6.0,2.0,5.0,1.0,-1.0,0,0,0.0
10.0,1.0,6.0,2.0,6.0,1.0,-1.0,0,0,0.0
14.0,1.0,6.0,2.0,9.0,2.0,-1.0,0,0,0.0
13.0,2.0,6.0,2.0,1.0,2.0,-1.0,0,0,0.0
7.0,2.0,6.0,2.0,3.0,1.0,-1.0,0,0,0.0
18.0,1.0,6.0,2.0,8.0,1.0,6.0,1,1,1.0
10.0,2.0,6.0,2.0,9.0,1.0,-1.0,0,0,0.0
18.0,2.0,6.0,2.0,3.0,1.0,-1.0,0,0,0.0
8.0,2.0,6.0,1.0,2.0,1.0,-1.0,0,0,0.0
14.0,2.0,6.0,2.0,6.0,1.0,-1.0,0,0,0.0
12.0,1.0,6.0,2.0,7.0,1.0,-1.0,0,0,0.0
15.0,1.0,6.0,2.0,6.0,2.0,-1.0,0,0,0.0
8.0,1.0,6.0,2.0,4.0,2.0,-1.0,0,0,0.0
9.0,1.0,6.0,2.0,2.0,1.0,-1.0,0,0,0.0
13.0,2.0,6.0,1.0,2.0,1.0,-1.0,0,0,0.0
15.0,2.0,6.0,1.0,4.0,2.0,-1.0,0,0,0.0
12.0,2.0,6.0,1.0,8.0,2.0,-1.0,0,0,0.0
9.0,2.0,6.0,2.0,6.0,1.0,-1.0,0,0,0.0
12.0,2.0,6.0,2.0,1.0,2.0,-1.0,0,0,0.0
11.0,1.0,6.0,2.0,2.0,1.0,-1.0,0,0,0.0
15.0,1.0,6.0,2.0,7.0,1.0,-1.0,0,0,0.0
18.0,2.0,6.0,2.0,3.0,1.0,8.0,1,1,0.9933
12.0,2.0,6.0,2.0,3.0,1.0,-1.0,0,0,0.0
17.0,2.0,6.0,2.0,7.0,2.0,-1.0,0,0,0.0
8.0,2.0,6.0,2.0,3.0,1.0,-1.0,0,0,0.0
13.0,1.0,6.0,2.0,8.0,1.0,-1.0,0,0,0.0
9.0,1.0,6.0,2.0,2.0,1.0,-1.0,0,0,0.0
11.0,2.0,6.0,2.0,6.0,1.0,-1.0,0,0,0.0
12.0,1.0,6.0,2.0,2.0,1.0,-1.0,0,0,0.0
15.0,1.0,6.0,2.0,7.0,1.0,-1.0,0,0,0.0
7.0,2.0,6.0,2.0,3.0,1.0,-1.0,0,0,0.0
14.0,2.0,6.0,2.0,8.0,2.0,-1.0,0,0,0.0
12.0,2.0,6.0,1.0,7.0,1.0,-1.0,0,0,0.0
17.0,1.0,995.0,2.0,2.0,1.0,2.0,1,1,0.87
17.0,2.0,6.0,2.0,1.0,1.0,-1.0,0,0,0.0
11.0,1.0,6.0,2.0,3.0,1.0,-1.0,0,0,0.0
12.0,1.0,6.0,2.0,2.0,2.0,-1.0,0,0,0.0
10.0,1.0,6.0,2.0,3.0,1.0,-1.0,0,0,0.0
11.0,1.0,6.0,2.0,3.0,1.0,-1.0,0,0,0.0
10.0,2.0,6.0,2.0,2.0,1.0,-1.0,0,0,0.0
8.0,1.0,27.0,2.0,3.0,2.0,-1.0,0,0,0.0
18.0,1.0,6.0,2.0,7.0,1.0,4.0,1,1,1.0
10.0,2.0,6.0,2.0,2.0,1.0,-1.0,0,0,0.0
16.0,1.0,6.0,2.0,2.0,1.0,-1.0,0,0,0.0
18.0,1.0,27.0,1.0,1.0,2.0,6.0,1,1,0.9633
12.0,1.0,6.0,2.0,7.0,1.0,-1.0,0,0,0.0
12.0,1.0,6.0,2.0,9.0,1.0,-1.0,0,0,0.0
7.0,2.0,6.0,2.0,2.0,1.0,-1.0,0,0,0.0
17.0,1.0,6.0,2.0,2.0,1.0,-1.0,0,0,0.0
6.0,2.0,6.0,2.0,6.0,1.0,2.0,1,1,0.8767
13.0,1.0,6.0,2.0,2.0,1.0,-1.0,0,0,0.0
17.0,1.0,6.0,2.0,8.0,2.0,-1.0,0,0,0.0033
9.0,1.0,6.0,2.0,3.0,1.0,-1.0,0,0,0.0
16.0,1.0,6.0,2.0,5.0,2.0,-1.0,0,0,0.0133
15.0,2.0,6.0,1.0,5.0,1.0,-1.0,0,0,0.0
14.0,2.0,6.0,2.0,7.0,2.0,-1.0,0,0,0.0
9.0,2.0,6.0,2.0,6.0,2.0,-1.0,0,0,0.0
6.0,1.0,6.0,1.0,8.0,2.0,-1.0,0,0,0.0
6.0,1.0,6.0,2.0,6.0,1.0,-1.0,0,0,0.0
6.0,2.0,6.0,2.0,7.0,1.0,-1.0,0,0,0.0
16.0,2.0,6.0,2.0,4.0,1.0,-1.0,0,0,0.0
13.0,2.0,6.0,1.0,2.0,1.0,-1.0,0,0,0.0
15.0,1.0,6.0,2.0,3.0,2.0,-1.0,0,0,0.0
14.0,2.0,6.0,2.0,3.0,1.0,-1.0,0,0,0.0
13.0,1.0,6.0,2.0,2.0,1.0,-1.0,0,0,0.0
17.0,1.0,6.0,2.0,5.0,1.0,-1.0,0,0,0.0
6.0,1.0,6.0,2.0,9.0,2.0,-1.0,0,0,0.0
13.0,2.0,2.0,2.0,4.0,2.0,-1.0,0,0,0.0
17.0,1.0,6.0,2.0,3.0,1.0,-1.0,0,0,0.0
17.0,2.0,6.0,2.0,2.0,1.0,-1.0,0,0,0.0
12.0,1.0,6.0,2.0,2.0,1.0,-1.0,0,0,0.0
11.0,1.0,6.0,2.0,2.0,1.0,-1.0,0,0,0.0
16.0,2.0,6.0,2.0,3.0,1.0,-1.0,0,0,0.0
7.0,1.0,6.0,1.0,2.0,1.0,-1.0,0,0,0.0
7.0,2.0,6.0,1.0,2.0,1.0,-1.0,0,0,0.0
8.0,1.0,6.0,2.0,3.0,1.0,-1.0,0,0,0.0
8.0,1.0,6.0,2.0,1.0,2.0,-1.0,0,0,0.0
16.0,2.0,6.0,1.0,2.0,1.0,-1.0,0,0,0.0
16.0,2.0,6.0,2.0,4.0,2.0,-1.0,0,0,0.0
13.0,1.0,6.0,2.0,4.0,1.0,-1.0,0,0,0.0
8.0,1.0,6.0,2.0,2.0,1.0,-1.0,0,0,0.0
12.0,2.0,6.0,2.0,9.0,2.0,-1.0,0,0,0.0
10.0,2.0,27.0,2.0,5.0,2.0,-1.0,0,0,0.0
17.0,2.0,6.0,2.0,3.0,1.0,-1.0,0,0,0.0
8.0,2.0,27.0,1.0,5.0,2.0,-1.0,0,0,0.0
6.0,1.0,6.0,2.0,2.0,1.0,-1.0,0,0,0.0
13.0,2.0,6.0,2.0,5.0,1.0,-1.0,0,0,0.0
18.0,1.0,6.0,2.0,7.0,2.0,-1.0,0,0,0.0067
14.0,1.0,6.0,1.0,1.0,1.0,-1.0,0,0,0.0
13.0,2.0,27.0,1.0,5.0,1.0,-1.0,0,0,0.0
16.0,2.0,6.0,2.0,9.0,2.0,-1.0,0,0,0.0
13.0,1.0,6.0,1.0,4.0,1.0,-1.0,0,0,0.0
14.0,2.0,6.0,2.0,3.0,1.0,-1.0,0,0,0.0
8.0,2.0,6.0,2.0,6.0,1.0,-1.0,0,0,0.0
14.0,2.0,6.0,1.0,2.0,1.0,-1.0,0,0,0.0
10.0,1.0,6.0,2.0,7.0,1.0,-1.0,0,0,0.0
14.0,2.0,6.0,2.0,7.0,1.0,-1.0,0,0,0.0
8.0,2.0,6.0,2.0,2.0,1.0,-1.0,0,0,0.0
15.0,1.0,6.0,2.0,7.0,1.0,-1.0,0,0,0.0
6.0,1.0,6.0,2.0,2.0,1.0,-1.0,0,0,0.0
13.0,1.0,6.0,2.0,2.0,1.0,-1.0,0,0,0.0
18.0,2.0,27.0,2.0,1.0,2.0,-1.0,0,0,0.0
13.0,2.0,6.0,2.0,7.0,1.0,-1.0,0,0,0.0
9.0,2.0,2.0,1.0,2.0,2.0,-1.0,0,0,0.0
12.0,1.0,6.0,2.0,7.0,1.0,-1.0,0,0,0.0
9.0,2.0,6.0,2.0,3.0,1.0,-1.0,0,0,0.0
18.0,2.0,6.0,1.0,5.0,1.0,3.0,1,1,0.9667
10.0,1.0,6.0,2.0,2.0,1.0,-1.0,0,0,0.0
11.0,1.0,6.0,2.0,3.0,1.0,-1.0,0,0,0.0
16.0,1.0,6.0,1.0,2.0,1.0,-1.0,0,0,0.0
8.0,1.0,6.0,1.0,2.0,1.0,-1.0,0,0,0.0
11.0,1.0,6.0,2.0,7.0,1.0,-1.0,0,0,0.0
15.0,2.0,6.0,2.0,9.0,2.0,-1.0,0,0,0.0
6.0,2.0,6.0,2.0,4.0,2.0,-1.0,0,0,0.0
12.0,1.0,6.0,2.0,8.0,1.0,-1.0,0,0,0.0
7.0,1.0,6.0,2.0,2.0,1.0,-1.0,0,0,0.0
17.0,1.0,6.0,1.0,2.0,1.0,-1.0,0,0,0.0
12.0,1.0,6.0,2.0,9.0,1.0,-1.0,0,0,0.0
14.0,2.0,6.0,2.0,6.0,1.0,-1.0,0,0,0.0
6.0,1.0,6.0,2.0,6.0,1.0,-1.0,0,0,0.0
9.0,1.0,6.0,1.0,7.0,1.0,-1.0,0,0,0.0
7.0,1.0,6.0,2.0,2.0,1.0,-1.0,0,0,0.0
16.0,1.0,27.0,1.0,5.0,2.0,-1.0,0,0,0.0033
14.0,2.0,6.0,2.0,7.0,1.0,-1.0,0,0,0.0
13.0,1.0,6.0,2.0,7.0,1.0,-1.0,0,0,0.0
8.0,2.0,6.0,2.0,3.0,1.0,-1.0,0,0,0.0
10.0,1.0,6.0,2.0,7.0,1.0,-1.0,0,0,0.0
11.0,2.0,6.0,2.0,5.0,1.0,-1.0,0,0,0.0
12.0,2.0,6.0,2.0,6.0,1.0,-1.0,0,0,0.0
7.0,1.0,6.0,1.0,5.0,2.0,-1.0,0,0,0.0
12.0,1.0,6.0,2.0,3.0,2.0,-1.0,0,0,0.0
17.0,2.0,54.0,2.0,7.0,2.0,1.0,1,1,0.9333
12.0,2.0,6.0,2.0,2.0,2.0,-1.0,0,0,0.0
18.0,2.0,6.0,2.0,4.0,1.0,-1.0,0,0,0.0
14.0,1.0,6.0,1.0,2.0,2.0,-1.0,0,0,0.0
12.0,2.0,6.0,1.0,2.0,1.0,-1.0,0,0,0.0
7.0,2.0,6.0,2.0,6.0,1.0,-1.0,0,0,0.0
11.0,2.0,6.0,2.0,2.0,1.0,-1.0,0,0,0.0
8.0,2.0,6.0,2.0,4.0,1.0,-1.0,0,0,0.0
11.0,1.0,6.0,2.0,9.0,2.0,-1.0,0,0,0.0
8.0,1.0,6.0,2.0,7.0,1.0,-1.0,0,0,0.0
13.0,1.0,6.0,2.0,3.0,1.0,-1.0,0,0,0.0
9.0,2.0,6.0,2.0,3.0,1.0,-1.0,0,0,0.0
9.0,1.0,6.0,2.0,7.0,1.0,-1.0,0,0,0.0
15.0,1.0,6.0,2.0,7.0,1.0,-1.0,0,0,0.0
6.0,1.0,6.0,2.0,8.0,1.0,-1.0,0,0,0.0
17.0,1.0,6.0,2.0,3.0,1.0,-1.0,0,0,0.0
15.0,2.0,6.0,2.0,7.0,1.0,-1.0,0,0,0.0
13.0,2.0,6.0,2.0,2.0,1.0,-1.0,0,0,0.0
8.0,2.0,6.0,2.0,7.0,1.0,-1.0,0,0,0.0
16.0,2.0,6.0,2.0,2.0,1.0,-1.0,0,0,0.0
10.0,1.0,6.0,1.0,2.0,1.0,-1.0,0,0,0.0
15.0,1.0,6.0,2.0,2.0,1.0,-1.0,0,0,0.0
9.0,1.0,6.0,2.0,3.0,1.0,-1.0,0,0,0.0
14.0,1.0,6.0,2.0,2.0,1.0,-1.0,0,0,0.0
17.0,2.0,6.0,2.0,3.0,1.0,-1.0,0,0,0.0
17.0,2.0,6.0,2.0,6.0,1.0,-1.0,0,0,0.0
18.0,2.0,6.0,2.0,7.0,1.0,-1.0,0,0,0.0
11.0,1.0,2.0,1.0,2.0,2.0,-1.0,0,0,0.0
9.0,2.0,6.0,2.0,9.0,1.0,-1.0,0,0,0.0
11.0,2.0,6.0,2.0,7.0,1.0,-1.0,0,0,0.0
13.0,2.0,6.0,2.0,2.0,1.0,-1.0,0,0,0.0
9.0,2.0,6.0,2.0,6.0,1.0,-1.0,0,0,0.0
11.0,2.0,6.0,2.0,2.0,1.0,-1.0,0,0,0.0
14.0,1.0,2.0,1.0,4.0,2.0,-1.0,0,0,0.0
12.0,1.0,6.0,2.0,4.0,1.0,-1.0,0,0,0.0
11.0,1.0,6.0,2.0,7.0,1.0,-1.0,0,0,0.0
15.0,2.0,6.0,2.0,2.0,1.0,-1.0,0,0,0.0
12.0,1.0,6.0,2.0,5.0,1.0,-1.0,0,0,0.0
18.0,1.0,6.0,1.0,2.0,2.0,-1.0,0,0,0.03
10.0,1.0,6.0,2.0,2.0,1.0,-1.0,0,0,0.0
16.0,2.0,6.0,1.0,5.0,1.0,-1.0,0,0,0.0
16.0,2.0,6.0,2.0,8.0,1.0,-1.0,0,0,0.0
13.0,1.0,6.0,2.0,2.0,2.0,-1.0,0,0,0.0
7.0,1.0,6.0,2.0,6.0,1.0,-1.0,0,0,0.0
18.0,2.0,6.0,2.0,8.0,2.0,3.0,1,1,0.9933
9.0,2.0,6.0,2.0,6.0,2.0,-1.0,0,0,0.0
12.0,2.0,6.0,2.0,4.0,1.0,-1.0,0,0,0.0
18.0,1.0,41.0,2.0,7.0,2.0,6.0,1,1,0.98
10.0,1.0,6.0,2.0,9.0,1.0,-1.0,0,0,0.0
8.0,2.0,6.0,2.0,7.0,1.0,-1.0,0,0,0.0
14.0,2.0,6.0,2.0,8.0,2.0,-1.0,0,0,0.0
7.0,2.0,6.0,2.0,5.0,1.0,-1.0,0,0,0.0
14.0,1.0,6.0,2.0,3.0,1.0,-1.0,0,0,0.0
8.0,2.0,6.0,2.0,4.0,1.0,-1.0,0,0,0.0
11.0,1.0,6.0,2.0,5.0,1.0,-1.0,0,0,0.0
12.0,2.0,6.0,1.0,2.0,1.0,-1.0,0,0,0.0
15.0,1.0,6.0,2.0,1.0,1.0,-1.0,0,0,0.0
16.0,2.0,27.0,2.0,1.0,2.0,-1.0,0,0,0.0
17.0,2.0,6.0,2.0,7.0,1.0,-1.0,0,0,0.0
15.0,2.0,6.0,2.0,6.0,2.0,5.0,1,1,0.9667
9.0,2.0,6.0,2.0,7.0,1.0,-1.0,0,0,0.0
8.0,2.0,6.0,2.0,6.0,2.0,-1.0,0,0,0.0
12.0,2.0,6.0,2.0,3.0,1.0,-1.0,0,0,0.0
15.0,1.0,6.0,2.0,7.0,1.0,-1.0,0,0,0.0
13.0,2.0,6.0,2.0,8.0,2.0,-1.0,0,0,0.0
18.0,1.0,27.0,2.0,5.0,2.0,6.0,1,1,0.9733
10.0,1.0,6.0,2.0,1.0,2.0,-1.0,0,0,0.0
18.0,1.0,6.0,2.0,2.0,1.0,-1.0,0,0,0.0
16.0,2.0,6.0,2.0,2.0,1.0,-1.0,0,0,0.0
15.0,1.0,6.0,1.0,2.0,1.0,-1.0,0,0,0.0
12.0,1.0,6.0,2.0,1.0,2.0,-1.0,0,0,0.0
8.0,2.0,6.0,2.0,3.0,1.0,-1.0,0,0,0.0
16.0,1.0,6.0,2.0,7.0,1.0,-1.0,0,0,0.0
8.0,1.0,6.0,1.0,2.0,1.0,-1.0,0,0,0.0
10.0,1.0,6.0,2.0,6.0,1.0,-1.0,0,0,0.0
6.0,2.0,6.0,2.0,5.0,1.0,-1.0,0,0,0.0
11.0,1.0,6.0,2.0,4.0,2.0,-1.0,0,0,0.0
14.0,1.0,6.0,1.0,2.0,1.0,-1.0,0,0,0.0
10.0,1.0,6.0,2.0,6.0,1.0,-1.0,0,0,0.0
6.0,1.0,6.0,2.0,2.0,1.0,-1.0,0,0,0.0
16.0,1.0,6.0,2.0,4.0,1.0,-1.0,0,0,0.0
15.0,2.0,6.0,2.0,7.0,1.0,-1.0,0,0,0.0
6.0,2.0,6.0,2.0,7.0,2.0,-1.0,0,0,0.0
15.0,1.0,6.0,2.0,7.0,1.0,-1.0,0,0,0.0
15.0,2.0,6.0,2.0,2.0,1.0,-1.0,0,0,0.0
7.0,1.0,27.0,1.0,1.0,2.0,-1.0,0,0,0.0
18.0,1.0,27.0,2.0,2.0,1.0,-1.0,0,0,0.0033
16.0,1.0,6.0,2.0,2.0,1.0,-1.0,0,0,0.0
8.0,1.0,6.0,2.0,7.0,2.0,-1.0,0,0,0.0
7.0,2.0,6.0,2.0,5.0,1.0,-1.0,0,0,0.0
13.0,2.0,6.0,2.0,7.0,1.0,-1.0,0,0,0.0
13.0,2.0,6.0,2.0,4.0,2.0,-1.0,0,0,0.0
15.0,1.0,27.0,1.0,5.0,2.0,-1.0,0,0,0.0
12.0,2.0,6.0,2.0,7.0,1.0,-1.0,0,0,0.0
12.0,2.0,6.0,2.0,6.0,1.0,-1.0,0,0,0.0
14.0,1.0,6.0,2.0,9.0,2.0,-1.0,0,0,0.0
16.0,2.0,6.0,2.0,1.0,1.0,-1.0,0,0,0.0
10.0,1.0,6.0,2.0,7.0,1.0,-1.0,0,0,0.0
16.0,2.0,27.0,2.0,1.0,2.0,-1.0,0,0,0.0
18.0,1.0,6.0,2.0,2.0,1.0,-1.0,0,0,0.0
15.0,1.0,6.0,2.0,7.0,1.0,-1.0,0,0,0.0
16.0,2.0,6.0,2.0,3.0,1.0,-1.0,0,0,0.0
9.0,2.0,6.0,2.0,2.0,1.0,-1.0,0,0,0.0
13.0,2.0,6.0,2.0,3.0,1.0,-1.0,0,0,0.0
6.0,1.0,6.0,2.0,1.0,1.0,-1.0,0,0,0.0
18.0,2.0,6.0,2.0,7.0,1.0,-1.0,0,0,0.0
8.0,1.0,6.0,2.0,2.0,1.0,-1.0,0,0,0.0
7.0,2.0,6.0,2.0,8.0,2.0,-1.0,0,0,0.0
17.0,1.0,6.0,2.0,4.0,2.0,-1.0,0,0,0.0167
7.0,2.0,6.0,2.0,7.0,2.0,-1.0,0,0,0.0
11.0,2.0,6.0,2.0,7.0,1.0,-1.0,0,0,0.0
7.0,1.0,6.0,2.0,9.0,1.0,-1.0,0,0,0.0
7.0,2.0,6.0,1.0,2.0,2.0,-1.0,0,0,0.0
10.0,2.0,6.0,2.0,6.0,2.0,-1.0,0,0,0.0
7.0,2.0,6.0,2.0,2.0,1.0,-1.0,0,0,0.0
18.0,1.0,6.0,2.0,6.0,1.0,-1.0,0,0,0.0
8.0,2.0,6.0,2.0,3.0,1.0,-1.0,0,0,0.0
18.0,1.0,6.0,2.0,3.0,1.0,-1.0,0,0,0.0
16.0,1.0,6.0,2.0,2.0,1.0,-1.0,0,0,0.0
8.0,1.0,6.0,2.0,2.0,1.0,-1.0,0,0,0.0
12.0,2.0,6.0,2.0,7.0,1.0,-1.0,0,0,0.0
12.0,2.0,6.0,2.0,7.0,1.0,-1.0,0,0,0.0
7.0,2.0,27.0,2.0,3.0,2.0,-1.0,0,0,0.0
6.0,1.0,6.0,2.0,3.0,1.0,-1.0,0,0,0.0
12.0,2.0,6.0,2.0,8.0,1.0,-1.0,0,0,0.0
7.0,2.0,6.0,2.0,2.0,1.0,-1.0,0,0,0.0
13.0,1.0,2.0,2.0,2.0,1.0,-1.0,0,0,0.0
11.0,2.0,27.0,2.0,3.0,1.0,-1.0,0,0,0.0
14.0,1.0,6.0,2.0,6.0,1.0,-1.0,0,0,0.0
18.0,1.0,6.0,2.0,3.0,1.0,-1.0,0,0,0.0
11.0,2.0,6.0,2.0,9.0,1.0,-1.0,0,0,0.0
14.0,1.0,6.0,2.0,1.0,1.0,-1.0,0,0,0.0
10.0,2.0,6.0,1.0,2.0,1.0,-1.0,0,0,0.0
8.0,2.0,27.0,1.0,5.0,2.0,-1.0,0,0,0.0
13.0,2.0,6.0,2.0,2.0,1.0,-1.0,0,0,0.0
18.0,1.0,6.0,2.0,2.0,1.0,-1.0,0,0,0.0
10.0,1.0,6.0,2.0,5.0,1.0,-1.0,0,0,0.0
18.0,2.0,6.0,2.0,3.0,1.0,-1.0,0,0,0.0
13.0,2.0,6.0,1.0,2.0,1.0,-1.0,0,0,0.0
12.0,2.0,6.0,2.0,6.0,1.0,-1.0,0,0,0.0
10.0,2.0,6.0,2.0,6.0,1.0,-1.0,0,0,0.0
14.0,2.0,6.0,2.0,7.0,1.0,-1.0,0,0,0.0
13.0,1.0,6.0,2.0,4.0,1.0,-1.0,0,0,0.0
7.0,2.0,6.0,2.0,7.0,1.0,-1.0,0,0,0.0
17.0,2.0,6.0,1.0,2.0,1.0,-1.0,0,0,0.0
6.0,1.0,6.0,2.0,9.0,1.0,-1.0,0,0,0.0
12.0,1.0,41.0,2.0,7.0,2.0,-1.0,0,0,0.0133
14.0,2.0,6.0,2.0,7.0,2.0,-1.0,0,0,0.0
14.0,1.0,6.0,1.0,7.0,2.0,-1.0,0,0,0.0
13.0,2.0,6.0,2.0,1.0,1.0,-1.0,0,0,0.0
15.0,1.0,6.0,2.0,6.0,1.0,-1.0,0,0,0.0
10.0,2.0,27.0,2.0,3.0,2.0,-1.0,0,0,0.0
15.0,2.0,6.0,1.0,6.0,2.0,-1.0,0,0,0.0
6.0,1.0,6.0,2.0,7.0,1.0,2.0,1,1,0.9033
15.0,1.0,6.0,2.0,3.0,1.0,-1.0,0,0,0.0
14.0,2.0,6.0,2.0,9.0,1.0,-1.0,0,0,0.0
12.0,1.0,6.0,2.0,7.0,1.0,-1.0,0,0,0.0
13.0,1.0,6.0,2.0,2.0,1.0,-1.0,0,0,0.0
7.0,1.0,6.0,2.0,8.0,1.0,-1.0,0,0,0.0
14.0,1.0,6.0,2.0,2.0,1.0,-1.0,0,0,0.0
16.0,2.0,6.0,2.0,9.0,1.0,-1.0,0,0,0.0
11.0,1.0,6.0,2.0,6.0,1.0,-1.0,0,0,0.0
13.0,1.0,6.0,2.0,8.0,1.0,-1.0,0,0,0.0
10.0,2.0,6.0,2.0,2.0,1.0,-1.0,0,0,0.0
18.0,2.0,2.0,1.0,2.0,1.0,-1.0,0,0,0.0033
10.0,2.0,6.0,2.0,9.0,1.0,-1.0,0,0,0.0
6.0,1.0,6.0,2.0,1.0,1.0,-1.0,0,0,0.0
12.0,2.0,6.0,2.0,1.0,1.0,-1.0,0,0,0.0
12.0,2.0,6.0,2.0,3.0,1.0,-1.0,0,0,0.0
17.0,2.0,6.0,2.0,2.0,1.0,-1.0,0,0,0.0
13.0,1.0,6.0,2.0,5.0,2.0,-1.0,0,0,0.0
15.0,1.0,6.0,2.0,3.0,1.0,-1.0,0,0,0.0
16.0,1.0,6.0,2.0,1.0,1.0,-1.0,0,0,0.0
12.0,2.0,6.0,2.0,2.0,1.0,-1.0,0,0,0.0
6.0,1.0,6.0,2.0,2.0,1.0,-1.0,0,0,0.0
7.0,1.0,6.0,2.0,2.0,1.0,-1.0,0,0,0.0
12.0,2.0,6.0,1.0,1.0,2.0,-1.0,0,0,0.0
7.0,2.0,6.0,2.0,5.0,2.0,-1.0,0,0,0.0
12.0,1.0,6.0,2.0,4.0,1.0,-1.0,0,0,0.0
9.0,1.0,6.0,2.0,8.0,1.0,-1.0,0,0,0.0
15.0,2.0,6.0,2.0,1.0,1.0,-1.0,0,0,0.0
11.0,2.0,6.0,2.0,7.0,1.0,-1.0,0,0,0.0
8.0,1.0,6.0,2.0,7.0,1.0,-1.0,0,0,0.0
7.0,1.0,6.0,2.0,2.0,1.0,-1.0,0,0,0.0
14.0,2.0,6.0,2.0,3.0,1.0,-1.0,0,0,0.0
18.0,1.0,6.0,2.0,6.0,1.0,-1.0,0,0,0.0
13.0,2.0,6.0,2.0,2.0,1.0,-1.0,0,0,0.0
13.0,2.0,6.0,1.0,4.0,2.0,-1.0,0,0,0.0
7.0,1.0,6.0,2.0,2.0,1.0,-1.0,0,0,0.0
13.0,1.0,6.0,1.0,2.0,1.0,-1.0,0,0,0.0
14.0,2.0,6.0,2.0,7.0,1.0,5.0,1,1,0.9467
15.0,2.0,6.0,2.0,2.0,1.0,-1.0,0,0,0.0
14.0,1.0,6.0,2.0,1.0,2.0,-1.0,0,0,0.0
18.0,1.0,27.0,2.0,4.0,1.0,-1.0,0,0,0.01
16.0,2.0,58.0,2.0,2.0,1.0,-1.0,0,0,0.0067
18.0,1.0,6.0,2.0,2.0,1.0,-1.0,0,0,0.0
6.0,1.0,6.0,1.0,3.0,1.0,-1.0,0,0,0.0
18.0,1.0,6.0,2.0,3.0,1.0,-1.0,0,0,0.0
9.0,1.0,6.0,2.0,7.0,1.0,-1.0,0,0,0.0
14.0,2.0,6.0,2.0,2.0,2.0,-1.0,0,0,0.0
17.0,2.0,6.0,2.0,1.0,2.0,-1.0,0,0,0.0
16.0,1.0,6.0,2.0,9.0,2.0,-1.0,0,0,0.0
8.0,2.0,6.0,2.0,2.0,1.0,-1.0,0,0,0.0
15.0,1.0,27.0,2.0,5.0,2.0,-1.0,0,0,0.0
12.0,2.0,6.0,2.0,7.0,1.0,-1.0,0,0,0.0
6.0,2.0,6.0,2.0,4.0,1.0,-1.0,0,0,0.0
11.0,1.0,6.0,2.0,2.0,1.0,-1.0,0,0,0.0
7.0,1.0,6.0,2.0,7.0,1.0,-1.0,0,0,0.0
10.0,1.0,6.0,1.0,6.0,1.0,-1.0,0,0,0.0
15.0,2.0,6.0,2.0,3.0,1.0,-1.0,0,0,0.0
10.0,1.0,6.0,2.0,7.0,1.0,-1.0,0,0,0.0
9.0,2.0,6.0,2.0,7.0,1.0,-1.0,0,0,0.0
16.0,2.0,6.0,2.0,2.0,1.0,-1.0,0,0,0.0
10.0,1.0,6.0,2.0,7.0,1.0,-1.0,0,0,0.0
11.0,2.0,6.0,2.0,8.0,1.0,-1.0,0,0,0.0
6.0,2.0,6.0,2.0,9.0,1.0,-1.0,0,0,0.0
17.0,1.0,6.0,2.0,7.0,1.0,-1.0,0,0,0.0
15.0,2.0,6.0,2.0,6.0,1.0,-1.0,0,0,0.0
14.0,1.0,6.0,1.0,2.0,1.0,-1.0,0,0,0.0
13.0,2.0,6.0,2.0,5.0,1.0,-1.0,0,0,0.0
17.0,2.0,6.0,2.0,3.0,1.0,-1.0,0,0,0.0
10.0,2.0,6.0,2.0,2.0,2.0,-1.0,0,0,0.0
9.0,2.0,6.0,2.0,6.0,2.0,-1.0,0,0,0.0
13.0,2.0,6.0,2.0,7.0,1.0,-1.0,0,0,0.0
7.0,2.0,6.0,2.0,6.0,1.0,-1.0,0,0,0.0
11.0,2.0,6.0,2.0,4.0,1.0,-1.0,0,0,0.0
17.0,1.0,6.0,2.0,8.0,1.0,-1.0,0,0,0.0
17.0,1.0,6.0,2.0,4.0,1.0,-1.0,0,0,0.0
9.0,1.0,6.0,2.0,9.0,2.0,-1.0,0,0,0.0
10.0,1.0,6.0,2.0,9.0,2.0,-1.0,0,0,0.0
17.0,2.0,6.0,2.0,7.0,1.0,-1.0,0,0,0.0
7.0,1.0,6.0,2.0,7.0,2.0,-1.0,0,0,0.0
10.0,1.0,6.0,2.0,9.0,2.0,-1.0,0,0,0.0
12.0,2.0,6.0,2.0,2.0,1.0,-1.0,0,0,0.0
6.0,2.0,6.0,2.0,5.0,2.0,-1.0,0,0,0.0
6.0,1.0,6.0,2.0,7.0,1.0,-1.0,0,0,0.0
10.0,1.0,2.0,2.0,2.0,2.0,-1.0,0,0,0.0
8.0,2.0,6.0,2.0,6.0,2.0,-1.0,0,0,0.0
7.0,2.0,6.0,2.0,3.0,1.0,-1.0,0,0,0.0
12.0,1.0,6.0,2.0,5.0,1.0,-1.0,0,0,0.0
13.0,1.0,6.0,2.0,1.0,2.0,6.0,1,1,0.9767
15.0,1.0,6.0,2.0,7.0,1.0,6.0,1,1,0.9967
7.0,2.0,6.0,2.0,7.0,1.0,-1.0,0,0,0.0
12.0,2.0,6.0,2.0,7.0,1.0,-1.0,0,0,0.0
8.0,1.0,6.0,2.0,2.0,1.0,-1.0,0,0,0.0
9.0,2.0,6.0,2.0,7.0,1.0,-1.0,0,0,0.0
8.0,2.0,6.0,2.0,3.0,1.0,-1.0,0,0,0.0
10.0,1.0,6.0,1.0,5.0,2.0,-1.0,0,0,0.0
12.0,2.0,27.0,1.0,5.0,2.0,-1.0,0,0,0.0
14.0,1.0,6.0,1.0,2.0,1.0,-1.0,0,0,0.0
9.0,1.0,6.0,2.0,7.0,1.0,-1.0,0,0,0.0
9.0,1.0,6.0,2.0,1.0,2.0,-1.0,0,0,0.0
10.0,2.0,6.0,1.0,7.0,1.0,-1.0,0,0,0.0
16.0,2.0,6.0,2.0,2.0,1.0,-1.0,0,0,0.0
6.0,2.0,6.0,2.0,3.0,1.0,-1.0,0,0,0.0
10.0,2.0,6.0,2.0,4.0,1.0,-1.0,0,0,0.0
11.0,1.0,6.0,2.0,5.0,2.0,-1.0,0,0,0.0
15.0,1.0,6.0,2.0,8.0,1.0,6.0,1,1,0.9767
16.0,2.0,6.0,2.0,3.0,1.0,-1.0,0,0,0.0
18.0,2.0,6.0,1.0,2.0,2.0,-1.0,0,0,0.01
14.0,1.0,6.0,2.0,2.0,1.0,-1.0,0,0,0.0
11.0,1.0,6.0,2.0,1.0,2.0,-1.0,0,0,0.0
18.0,2.0,6.0,2.0,2.0,1.0,-1.0,0,0,0.0
13.0,1.0,6.0,2.0,2.0,1.0,-1.0,0,0,0.0
15.0,2.0,6.0,2.0,4.0,1.0,-1.0,0,0,0.0
11.0,1.0,6.0,2.0,6.0,1.0,-1.0,0,0,0.0
12.0,1.0,6.0,2.0,7.0,1.0,-1.0,0,0,0.0
6.0,1.0,6.0,2.0,4.0,1.0,-1.0,0,0,0.0
8.0,1.0,6.0,2.0,9.0,1.0,-1.0,0,0,0.0
10.0,1.0,6.0,1.0,2.0,1.0,-1.0,0,0,0.0
7.0,2.0,6.0,2.0,7.0,2.0,-1.0,0,0,0.0
18.0,2.0,6.0,2.0,3.0,1.0,-1.0,0,0,0.0
12.0,2.0,6.0,2.0,6.0,2.0,-1.0,0,0,0.0
10.0,1.0,6.0,1.0,2.0,1.0,-1.0,0,0,0.0
12.0,2.0,6.0,2.0,6.0,1.0,-1.0,0,0,0.0
9.0,1.0,6.0,2.0,8.0,1.0,-1.0,0,0,0.0
7.0,1.0,6.0,2.0,7.0,1.0,-1.0,0,0,0.0
18.0,2.0,6.0,2.0,5.0,1.0,-1.0,0,0,0.0
7.0,2.0,6.0,2.0,2.0,1.0,-1.0,0,0,0.0
11.0,2.0,6.0,2.0,7.0,2.0,-1.0,0,0,0.0
15.0,1.0,27.0,1.0,4.0,2.0,-1.0,0,0,0.0033
7.0,1.0,6.0,2.0,8.0,1.0,-1.0,0,0,0.0
13.0,2.0,6.0,2.0,9.0,2.0,-1.0,0,0,0.0
6.0,1.0,6.0,2.0,3.0,1.0,-1.0,0,0,0.0
10.0,2.0,6.0,2.0,5.0,2.0,-1.0,0,0,0.0
12.0,2.0,6.0,1.0,2.0,1.0,-1.0,0,0,0.0
9.0,2.0,6.0,2.0,3.0,1.0,-1.0,0,0,0.0
17.0,2.0,6.0,2.0,3.0,1.0,-1.0,0,0,0.0
17.0,2.0,6.0,2.0,2.0,1.0,-1.0,0,0,0.0
18.0,2.0,6.0,2.0,5.0,2.0,-1.0,0,0,0.0
15.0,2.0,6.0,2.0,3.0,1.0,-1.0,0,0,0.0
12.0,1.0,6.0,2.0,3.0,1.0,-1.0,0,0,0.0
15.0,1.0,6.0,2.0,7.0,1.0,-1.0,0,0,0.0
15.0,1.0,6.0,2.0,7.0,1.0,-1.0,0,0,0.0
12.0,1.0,6.0,2.0,4.0,2.0,-1.0,0,0,0.0
10.0,1.0,6.0,2.0,1.0,1.0,-1.0,0,0,0.0
6.0,1.0,6.0,2.0,7.0,1.0,-1.0,0,0,0.0
9.0,2.0,6.0,2.0,4.0,2.0,-1.0,0,0,0.0
12.0,1.0,6.0,1.0,2.0,1.0,-1.0,0,0,0.0
16.0,1.0,6.0,2.0,1.0,1.0,-1.0,0,0,0.0
17.0,1.0,6.0,2.0,8.0,1.0,-1.0,0,0,0.0
10.0,2.0,6.0,2.0,7.0,1.0,-1.0,0,0,0.0
17.0,2.0,6.0,2.0,8.0,1.0,-1.0,0,0,0.0
17.0,2.0,6.0,2.0,4.0,1.0,-1.0,0,0,0.0
10.0,1.0,6.0,2.0,9.0,1.0,-1.0,0,0,0.0
8.0,1.0,6.0,2.0,8.0,1.0,-1.0,0,0,0.0
14.0,1.0,6.0,2.0,8.0,1.0,-1.0,0,0,0.0
13.0,1.0,6.0,2.0,8.0,1.0,-1.0,0,0,0.0
9.0,1.0,6.0,2.0,1.0,1.0,-1.0,0,0,0.0
10.0,1.0,6.0,2.0,9.0,1.0,-1.0,0,0,0.0
9.0,2.0,6.0,2.0,7.0,1.0,-1.0,0,0,0.0
14.0,1.0,6.0,2.0,5.0,1.0,-1.0,0,0,0.0
18.0,2.0,6.0,2.0,2.0,1.0,-1.0,0,0,0.0
13.0,2.0,6.0,2.0,3.0,1.0,-1.0,0,0,0.0
14.0,1.0,6.0,2.0,7.0,1.0,-1.0,0,0,0.0
12.0,1.0,6.0,2.0,2.0,1.0,-1.0,0,0,0.0
14.0,1.0,6.0,2.0,7.0,2.0,-1.0,0,0,0.0
11.0,1.0,6.0,2.0,7.0,1.0,-1.0,0,0,0.0
13.0,1.0,27.0,1.0,3.0,2.0,-1.0,0,0,0.0
16.0,1.0,6.0,2.0,4.0,1.0,-1.0,0,0,0.0
12.0,1.0,6.0,2.0,7.0,1.0,-1.0,0,0,0.0
11.0,1.0,27.0,2.0,5.0,2.0,-1.0,0,0,0.0
7.0,2.0,6.0,2.0,7.0,1.0,-1.0,0,0,0.0
17.0,1.0,6.0,2.0,3.0,1.0,-1.0,0,0,0.0
13.0,2.0,6.0,2.0,7.0,1.0,6.0,1,1,0.9467
12.0,1.0,6.0,1.0,4.0,2.0,-1.0,0,0,0.0
14.0,2.0,6.0,2.0,8.0,1.0,-1.0,0,0,0.0
14.0,2.0,6.0,2.0,1.0,2.0,-1.0,0,0,0.0
10.0,1.0,6.0,2.0,3.0,1.0,-1.0,0,0,0.0
8.0,1.0,6.0,2.0,3.0,2.0,-1.0,0,0,0.0
10.0,1.0,6.0,2.0,7.0,1.0,-1.0,0,0,0.0
15.0,2.0,6.0,2.0,9.0,1.0,-1.0,0,0,0.0
10.0,2.0,6.0,2.0,3.0,1.0,-1.0,0,0,0.0
12.0,1.0,6.0,2.0,1.0,2.0,-1.0,0,0,0.0
11.0,2.0,6.0,2.0,9.0,2.0,-1.0,0,0,0.0
15.0,2.0,6.0,2.0,5.0,1.0,-1.0,0,0,0.0
13.0,2.0,6.0,2.0,3.0,1.0,-1.0,0,0,0.0
14.0,1.0,6.0,2.0,7.0,1.0,-1.0,0,0,0.0
17.0,2.0,6.0,2.0,9.0,1.0,-1.0,0,0,0.0
8.0,2.0,6.0,2.0,5.0,1.0,-1.0,0,0,0.0
7.0,1.0,6.0,2.0,2.0,1.0,-1.0,0,0,0.0
12.0,2.0,6.0,2.0,7.0,1.0,-1.0,0,0,0.0
12.0,2.0,6.0,2.0,7.0,2.0,-1.0,0,0,0.0
13.0,1.0,6.0,2.0,6.0,1.0,-1.0,0,0,0.0
15.0,2.0,6.0,2.0,6.0,1.0,-1.0,0,0,0.0
17.0,2.0,6.0,2.0,6.0,1.0,-1.0,0,0,0.0
6.0,2.0,6.0,1.0,2.0,1.0,-1.0,0,0,0.0
10.0,1.0,6.0,1.0,2.0,1.0,-1.0,0,0,0.0
17.0,2.0,6.0,2.0,7.0,1.0,-1.0,0,0,0.0
11.0,2.0,6.0,2.0,4.0,1.0,-1.0,0,0,0.0
14.0,1.0,27.0,2.0,1.0,2.0,-1.0,0,0,0.0
11.0,2.0,6.0,2.0,7.0,1.0,-1.0,0,0,0.0
17.0,2.0,6.0,2.0,4.0,2.0,-1.0,0,0,0.0033
15.0,2.0,27.0,1.0,3.0,2.0,6.0,1,1,0.9167
14.0,1.0,6.0,2.0,6.0,1.0,-1.0,0,0,0.0
15.0,1.0,6.0,2.0,7.0,1.0,-1.0,0,0,0.0
7.0,1.0,6.0,2.0,3.0,1.0,-1.0,0,0,0.0
8.0,1.0,6.0,2.0,3.0,1.0,-1.0,0,0,0.0
8.0,1.0,6.0,2.0,8.0,1.0,-1.0,0,0,0.0
8.0,1.0,6.0,1.0,5.0,1.0,-1.0,0,0,0.0
18.0,2.0,6.0,2.0,7.0,1.0,-1.0,0,0,0.0
18.0,2.0,6.0,2.0,2.0,1.0,-1.0,0,0,0.0
13.0,1.0,6.0,2.0,7.0,1.0,-1.0,0,0,0.0
15.0,1.0,6.0,2.0,7.0,1.0,-1.0,0,0,0.0
13.0,2.0,6.0,2.0,2.0,1.0,-1.0,0,0,0.0
17.0,1.0,6.0,2.0,2.0,1.0,-1.0,0,0,0.0
11.0,1.0,6.0,2.0,1.0,1.0,-1.0,0,0,0.0
9.0,1.0,6.0,2.0,2.0,1.0,-1.0,0,0,0.0
12.0,2.0,6.0,2.0,2.0,1.0,-1.0,0,0,0.0
17.0,2.0,6.0,2.0,2.0,1.0,-1.0,0,0,0.0
10.0,2.0,6.0,2.0,7.0,2.0,-1.0,0,0,0.0
14.0,1.0,6.0,2.0,1.0,1.0,-1.0,0,0,0.0
13.0,1.0,6.0,2.0,2.0,1.0,-1.0,0,0,0.0
8.0,2.0,6.0,2.0,2.0,2.0,-1.0,0,0,0.0
17.0,1.0,6.0,1.0,3.0,2.0,-1.0,0,0,0.0
13.0,2.0,6.0,2.0,2.0,1.0,-1.0,0,0,0.0
11.0,2.0,6.0,2.0,3.0,1.0,-1.0,0,0,0.0
12.0,1.0,6.0,2.0,3.0,1.0,-1.0,0,0,0.0
7.0,2.0,6.0,2.0,4.0,2.0,-1.0,0,0,0.0
8.0,1.0,6.0,2.0,8.0,2.0,-1.0,0,0,0.0
14.0,1.0,27.0,2.0,5.0,2.0,-1.0,0,0,0.0
9.0,1.0,6.0,2.0,5.0,2.0,-1.0,0,0,0.0
17.0,2.0,6.0,2.0,7.0,1.0,-1.0,0,0,0.0
11.0,1.0,6.0,2.0,2.0,1.0,-1.0,0,0,0.0
10.0,2.0,6.0,2.0,2.0,1.0,-1.0,0,0,0.0
12.0,2.0,27.0,1.0,3.0,2.0,-1.0,0,0,0.0
15.0,1.0,6.0,2.0,7.0,1.0,-1.0,0,0,0.0
9.0,2.0,6.0,2.0,2.0,1.0,-1.0,0,0,0.0
13.0,1.0,6.0,2.0,4.0,1.0,-1.0,0,0,0.0
16.0,2.0,6.0,2.0,2.0,1.0,-1.0,0,0,0.0
16.0,2.0,6.0,2.0,6.0,1.0,-1.0,0,0,0.0
11.0,1.0,6.0,2.0,3.0,1.0,-1.0,0,0,0.0
17.0,2.0,6.0,2.0,7.0,1.0,-1.0,0,0,0.0
12.0,1.0,6.0,2.0,6.0,2.0,-1.0,0,0,0.0
18.0,2.0,6.0,2.0,7.0,1.0,6.0,1,1,1.0
7.0,1.0,6.0,2.0,7.0,1.0,-1.0,0,0,0.0
12.0,1.0,41.0,2.0,7.0,2.0,-1.0,0,0,0.0133
12.0,1.0,6.0,1.0,9.0,2.0,-1.0,0,0,0.0
8.0,2.0,6.0,2.0,3.0,1.0,-1.0,0,0,0.0
6.0,1.0,6.0,2.0,3.0,1.0,-1.0,0,0,0.0
8.0,2.0,6.0,2.0,3.0,1.0,-1.0,0,0,0.0
15.0,1.0,6.0,2.0,6.0,1.0,-1.0,0,0,0.0
14.0,2.0,6.0,2.0,7.0,1.0,-1.0,0,0,0.0
16.0,1.0,6.0,2.0,7.0,1.0,-1.0,0,0,0.0
12.0,1.0,6.0,2.0,6.0,1.0,-1.0,0,0,0.0
8.0,1.0,6.0,2.0,7.0,1.0,-1.0,0,0,0.0
11.0,2.0,6.0,2.0,7.0,1.0,-1.0,0,0,0.0
14.0,1.0,6.0,2.0,9.0,1.0,-1.0,0,0,0.0
6.0,1.0,6.0,2.0,8.0,1.0,-1.0,0,0,0.0
7.0,1.0,6.0,2.0,1.0,1.0,-1.0,0,0,0.0
9.0,1.0,6.0,2.0,3.0,1.0,-1.0,0,0,0.0
11.0,2.0,6.0,2.0,2.0,2.0,-1.0,0,0,0.0
8.0,1.0,6.0,2.0,7.0,1.0,-1.0,0,0,0.0
18.0,1.0,6.0,2.0,2.0,1.0,-1.0,0,0,0.0
11.0,2.0,6.0,2.0,7.0,1.0,-1.0,0,0,0.0
11.0,1.0,6.0,2.0,5.0,1.0,-1.0,0,0,0.0
17.0,1.0,6.0,2.0,7.0,1.0,-1.0,0,0,0.0
16.0,1.0,6.0,1.0,2.0,1.0,-1.0,0,0,0.0
15.0,1.0,6.0,2.0,1.0,1.0,-1.0,0,0,0.0
7.0,2.0,6.0,2.0,1.0,1.0,-1.0,0,0,0.0
15.0,2.0,6.0,2.0,2.0,1.0,-1.0,0,0,0.0
6.0,1.0,6.0,2.0,7.0,1.0,-1.0,0,0,0.0
11.0,1.0,6.0,2.0,3.0,2.0,-1.0,0,0,0.0
7.0,1.0,6.0,2.0,2.0,1.0,-1.0,0,0,0.0
10.0,1.0,6.0,2.0,9.0,2.0,-1.0,0,0,0.0
8.0,2.0,6.0,2.0,6.0,1.0,-1.0,0,0,0.0
13.0,1.0,6.0,2.0,2.0,1.0,-1.0,0,0,0.0
15.0,1.0,6.0,2.0,7.0,1.0,-1.0,0,0,0.0
15.0,1.0,6.0,2.0,4.0,1.0,-1.0,0,0,0.0
16.0,1.0,6.0,2.0,6.0,1.0,-1.0,0,0,0.0
14.0,1.0,41.0,2.0,7.0,2.0,6.0,1,1,0.9933
15.0,2.0,6.0,2.0,7.0,1.0,-1.0,0,0,0.0
12.0,1.0,27.0,2.0,3.0,2.0,-1.0,0,0,0.0
18.0,2.0,6.0,2.0,8.0,1.0,-1.0,0,0,0.0
7.0,1.0,6.0,1.0,2.0,1.0,-1.0,0,0,0.0
8.0,2.0,6.0,2.0,8.0,1.0,-1.0,0,0,0.0
17.0,1.0,6.0,2.0,7.0,1.0,-1.0,0,0,0.0
16.0,2.0,6.0,2.0,3.0,1.0,-1.0,0,0,0.0
11.0,2.0,6.0,2.0,3.0,1.0,-1.0,0,0,0.0
10.0,1.0,6.0,1.0,7.0,2.0,-1.0,0,0,0.0
8.0,1.0,6.0,2.0,7.0,1.0,-1.0,0,0,0.0
8.0,2.0,41.0,2.0,7.0,2.0,-1.0,0,0,0.0033
13.0,1.0,6.0,2.0,6.0,1.0,-1.0,0,0,0.0
15.0,2.0,6.0,2.0,6.0,1.0,-1.0,0,0,0.0
15.0,2.0,6.0,2.0,6.0,2.0,-1.0,0,0,0.0
18.0,2.0,6.0,2.0,8.0,1.0,5.0,1,1,0.99
17.0,1.0,6.0,2.0,5.0,1.0,-1.0,0,0,0.0
12.0,2.0,6.0,2.0,4.0,1.0,-1.0,0,0,0.0
15.0,2.0,6.0,2.0,2.0,1.0,-1.0,0,0,0.0
15.0,2.0,6.0,1.0,1.0,1.0,-1.0,0,0,0.0
8.0,1.0,6.0,1.0,4.0,2.0,-1.0,0,0,0.0
14.0,1.0,6.0,1.0,7.0,2.0,-1.0,0,0,0.0
16.0,1.0,6.0,2.0,8.0,1.0,-1.0,0,0,0.0
18.0,2.0,6.0,2.0,7.0,1.0,-1.0,0,0,0.0
13.0,1.0,6.0,2.0,8.0,1.0,-1.0,0,0,0.0
16.0,2.0,6.0,2.0,7.0,1.0,-1.0,0,0,0.0
11.0,2.0,6.0,2.0,7.0,1.0,-1.0,0,0,0.0
10.0,2.0,6.0,2.0,3.0,1.0,-1.0,0,0,0.0
11.0,1.0,6.0,2.0,7.0,1.0,-1.0,0,0,0.0
15.0,2.0,6.0,2.0,2.0,1.0,-1.0,0,0,0.0
12.0,1.0,6.0,2.0,1.0,1.0,-1.0,0,0,0.0
17.0,2.0,27.0,1.0,5.0,1.0,-1.0,0,0,0.0033
9.0,2.0,6.0,2.0,2.0,1.0,-1.0,0,0,0.0
11.0,1.0,6.0,2.0,9.0,2.0,-1.0,0,0,0.0
18.0,2.0,6.0,1.0,2.0,1.0,-1.0,0,0,0.0
13.0,2.0,6.0,2.0,2.0,2.0,-1.0,0,0,0.0
16.0,1.0,6.0,2.0,5.0,1.0,-1.0,0,0,0.0
18.0,2.0,6.0,2.0,4.0,1.0,-1.0,0,0,0.0
7.0,2.0,6.0,1.0,2.0,1.0,-1.0,0,0,0.0
11.0,2.0,6.0,2.0,8.0,1.0,-1.0,0,0,0.0
13.0,1.0,6.0,2.0,1.0,2.0,-1.0,0,0,0.0
7.0,1.0,6.0,2.0,3.0,2.0,-1.0,0,0,0.0
14.0,1.0,6.0,2.0,2.0,1.0,-1.0,0,0,0.0
11.0,1.0,6.0,2.0,9.0,2.0,-1.0,0,0,0.0
15.0,1.0,2.0,1.0,2.0,2.0,-1.0,0,0,0.0
16.0,2.0,6.0,2.0,9.0,2.0,-1.0,0,0,0.0
12.0,2.0,6.0,2.0,7.0,1.0,-1.0,0,0,0.0
10.0,1.0,6.0,1.0,2.0,1.0,-1.0,0,0,0.0
9.0,1.0,6.0,2.0,3.0,1.0,-1.0,0,0,0.0
17.0,2.0,6.0,2.0,3.0,1.0,-1.0,0,0,0.0
6.0,1.0,6.0,2.0,3.0,1.0,-1.0,0,0,0.0
16.0,2.0,6.0,2.0,3.0,1.0,-1.0,0,0,0.0
11.0,1.0,6.0,2.0,2.0,1.0,-1.0,0,0,0.0
15.0,2.0,27.0,2.0,3.0,2.0,-1.0,0,0,0.0
18.0,1.0,6.0,2.0,5.0,2.0,-1.0,0,0,0.0
7.0,2.0,6.0,2.0,7.0,1.0,-1.0,0,0,0.0
9.0,2.0,6.0,2.0,8.0,1.0,-1.0,0,0,0.0
17.0,2.0,27.0,1.0,3.0,2.0,-1.0,0,0,0.0033
18.0,1.0,27.0,1.0,3.0,1.0,-1.0,0,0,0.0233
18.0,2.0,6.0,2.0,8.0,1.0,6.0,1,1,0.99
12.0,2.0,6.0,2.0,7.0,1.0,-1.0,0,0,0.0
6.0,2.0,6.0,2.0,2.0,1.0,-1.0,0,0,0.0
9.0,1.0,6.0,2.0,7.0,1.0,-1.0,0,0,0.0
11.0,1.0,6.0,2.0,2.0,2.0,-1.0,0,0,0.0
11.0,2.0,6.0,2.0,2.0,1.0,-1.0,0,0,0.0
9.0,2.0,6.0,1.0,2.0,1.0,-1.0,0,0,0.0
7.0,1.0,6.0,2.0,2.0,1.0,-1.0,0,0,0.0
6.0,2.0,6.0,2.0,1.0,2.0,-1.0,0,0,0.0
11.0,2.0,6.0,2.0,7.0,2.0,-1.0,0,0,0.0
11.0,2.0,6.0,2.0,7.0,1.0,-1.0,0,0,0.0
17.0,2.0,6.0,2.0,6.0,1.0,-1.0,0,0,0.0
9.0,2.0,6.0,2.0,7.0,1.0,-1.0,0,0,0.0
13.0,2.0,6.0,2.0,2.0,1.0,-1.0,0,0,0.0
8.0,1.0,6.0,2.0,2.0,2.0,-1.0,0,0,0.0
18.0,1.0,6.0,2.0,2.0,1.0,1.0,1,1,0.9967
8.0,1.0,995.0,2.0,9.0,1.0,2.0,1,1,0.8933
15.0,2.0,6.0,2.0,6.0,1.0,-1.0,0,0,0.0
13.0,2.0,995.0,2.0,2.0,1.0,2.0,1,1,0.8767
7.0,2.0,6.0,2.0,2.0,1.0,-1.0,0,0,0.0
12.0,2.0,6.0,1.0,5.0,2.0,-1.0,0,0,0.0
12.0,2.0,6.0,2.0,6.0,1.0,-1.0,0,0,0.0
14.0,2.0,6.0,2.0,2.0,1.0,-1.0,0,0,0.0
17.0,2.0,6.0,2.0,6.0,2.0,-1.0,0,0,0.0
16.0,1.0,6.0,2.0,6.0,1.0,-1.0,0,0,0.0
13.0,2.0,6.0,2.0,5.0,1.0,-1.0,0,0,0.0
13.0,1.0,6.0,2.0,3.0,1.0,-1.0,0,0,0.0
10.0,2.0,6.0,1.0,2.0,1.0,-1.0,0,0,0.0
16.0,2.0,6.0,2.0,3.0,1.0,-1.0,0,0,0.0
16.0,1.0,6.0,2.0,7.0,1.0,-1.0,0,0,0.0
11.0,1.0,6.0,2.0,7.0,1.0,-1.0,0,0,0.0
11.0,2.0,6.0,2.0,2.0,1.0,-1.0,0,0,0.0
6.0,2.0,6.0,2.0,7.0,1.0,-1.0,0,0,0.0
16.0,2.0,6.0,2.0,2.0,1.0,-1.0,0,0,0.0
9.0,2.0,41.0,2.0,7.0,2.0,-1.0,0,0,0.0033
10.0,1.0,6.0,2.0,7.0,1.0,-1.0,0,0,0.0
13.0,2.0,6.0,2.0,4.0,2.0,-1.0,0,0,0.0
7.0,1.0,6.0,1.0,5.0,1.0,-1.0,0,0,0.0
6.0,2.0,6.0,2.0,3.0,1.0,-1.0,0,0,0.0
10.0,2.0,6.0,2.0,3.0,1.0,-1.0,0,0,0.0
15.0,1.0,6.0,2.0,7.0,1.0,-1.0,0,0,0.0
8.0,2.0,6.0,2.0,2.0,1.0,-1.0,0,0,0.0
13.0,1.0,6.0,2.0,7.0,1.0,-1.0,0,0,0.0
12.0,1.0,6.0,2.0,3.0,1.0,-1.0,0,0,0.0
11.0,1.0,6.0,2.0,7.0,1.0,-1.0,0,0,0.0
11.0,1.0,6.0,2.0,3.0,1.0,-1.0,0,0,0.0
7.0,1.0,6.0,2.0,7.0,1.0,-1.0,0,0,0.0
11.0,2.0,6.0,2.0,3.0,2.0,-1.0,0,0,0.0
12.0,2.0,6.0,2.0,3.0,1.0,-1.0,0,0,0.0
16.0,1.0,6.0,2.0,7.0,1.0,-1.0,0,0,0.0
12.0,1.0,6.0,2.0,9.0,1.0,-1.0,0,0,0.0
17.0,1.0,6.0,2.0,6.0,2.0,-1.0,0,0,0.0
13.0,2.0,6.0,2.0,2.0,1.0,-1.0,0,0,0.0
8.0,1.0,6.0,2.0,7.0,1.0,-1.0,0,0,0.0
16.0,2.0,6.0,2.0,7.0,1.0,-1.0,0,0,0.0
12.0,2.0,6.0,2.0,6.0,1.0,-1.0,0,0,0.0
15.0,2.0,6.0,2.0,2.0,1.0,-1.0,0,0,0.0
9.0,2.0,6.0,2.0,4.0,1.0,-1.0,0,0,0.0
17.0,1.0,6.0,1.0,2.0,1.0,-1.0,0,0,0.0
16.0,1.0,6.0,2.0,7.0,1.0,-1.0,0,0,0.0
6.0,1.0,6.0,2.0,8.0,2.0,-1.0,0,0,0.0
16.0,1.0,6.0,1.0,1.0,2.0,-1.0,0,0,0.0
6.0,2.0,6.0,2.0,7.0,1.0,-1.0,0,0,0.0
14.0,1.0,6.0,2.0,4.0,1.0,-1.0,0,0,0.0
13.0,1.0,6.0,2.0,9.0,1.0,-1.0,0,0,0.0
18.0,2.0,6.0,2.0,8.0,1.0,4.0,1,1,0.99
13.0,2.0,6.0,1.0,2.0,1.0,-1.0,0,0,0.0
15.0,1.0,6.0,2.0,3.0,1.0,-1.0,0,0,0.0
15.0,1.0,6.0,2.0,7.0,1.0,-1.0,0,0,0.0
15.0,1.0,6.0,2.0,3.0,1.0,-1.0,0,0,0.0
9.0,1.0,6.0,2.0,2.0,2.0,-1.0,0,0,0.0
9.0,2.0,6.0,2.0,5.0,2.0,-1.0,0,0,0.0
8.0,1.0,27.0,2.0,3.0,2.0,-1.0,0,0,0.0
12.0,2.0,6.0,2.0,7.0,1.0,-1.0,0,0,0.0
17.0,2.0,6.0,2.0,2.0,1.0,-1.0,0,0,0.0
14.0,2.0,6.0,2.0,2.0,1.0,-1.0,0,0,0.0
11.0,1.0,6.0,2.0,7.0,2.0,-1.0,0,0,0.0
9.0,1.0,6.0,2.0,9.0,1.0,-1.0,0,0,0.0
15.0,1.0,6.0,2.0,7.0,1.0,-1.0,0,0,0.0
16.0,1.0,6.0,2.0,9.0,1.0,-1.0,0,0,0.0
14.0,2.0,6.0,1.0,1.0,1.0,-1.0,0,0,0.0
17.0,1.0,6.0,2.0,3.0,1.0,-1.0,0,0,0.0
17.0,1.0,6.0,2.0,3.0,2.0,-1.0,0,0,0.0
9.0,1.0,6.0,2.0,6.0,1.0,-1.0,0,0,0.0
12.0,1.0,6.0,2.0,4.0,2.0,-1.0,0,0,0.0
18.0,1.0,6.0,2.0,2.0,1.0,-1.0,0,0,0.0
18.0,2.0,6.0,2.0,9.0,1.0,-1.0,0,0,0.0
8.0,1.0,41.0,2.0,7.0,2.0,-1.0,0,0,0.0
9.0,1.0,6.0,2.0,8.0,2.0,-1.0,0,0,0.0
12.0,2.0,6.0,2.0,4.0,1.0,-1.0,0,0,0.0
16.0,2.0,6.0,2.0,9.0,1.0,-1.0,0,0,0.0
6.0,1.0,6.0,2.0,7.0,1.0,-1.0,0,0,0.0
18.0,2.0,6.0,1.0,2.0,1.0,-1.0,0,0,0.0
17.0,1.0,6.0,2.0,2.0,1.0,-1.0,0,0,0.0
9.0,1.0,6.0,1.0,2.0,1.0,-1.0,0,0,0.0
7.0,2.0,6.0,2.0,3.0,1.0,-1.0,0,0,0.0
9.0,1.0,6.0,2.0,4.0,1.0,-1.0,0,0,0.0
17.0,2.0,6.0,2.0,2.0,1.0,-1.0,0,0,0.0
10.0,2.0,6.0,2.0,2.0,1.0,-1.0,0,0,0.0
8.0,2.0,6.0,2.0,2.0,1.0,-1.0,0,0,0.0
16.0,1.0,6.0,2.0,3.0,1.0,-1.0,0,0,0.0
18.0,1.0,6.0,2.0,7.0,1.0,-1.0,0,0,0.0
17.0,1.0,6.0,2.0,2.0,1.0,2.0,1,1,0.9833
12.0,1.0,6.0,2.0,1.0,1.0,-1.0,0,0,0.0
6.0,2.0,6.0,2.0,2.0,1.0,-1.0,0,0,0.0
13.0,1.0,6.0,2.0,8.0,1.0,-1.0,0,0,0.0
15.0,1.0,6.0,2.0,4.0,1.0,-1.0,0,0,0.0
6.0,2.0,6.0,2.0,2.0,1.0,-1.0,0,0,0.0
18.0,2.0,6.0,2.0,8.0,1.0,-1.0,0,0,0.0
9.0,2.0,6.0,2.0,2.0,2.0,-1.0,0,0,0.0
9.0,1.0,6.0,2.0,7.0,1.0,-1.0,0,0,0.0
6.0,2.0,6.0,2.0,7.0,1.0,-1.0,0,0,0.0
8.0,1.0,6.0,2.0,4.0,1.0,-1.0,0,0,0.0
13.0,1.0,6.0,2.0,2.0,1.0,-1.0,0,0,0.0
10.0,1.0,6.0,2.0,8.0,1.0,-1.0,0,0,0.0
13.0,1.0,6.0,2.0,1.0,1.0,-1.0,0,0,0.0
10.0,2.0,6.0,2.0,5.0,1.0,-1.0,0,0,0.0
13.0,1.0,6.0,2.0,1.0,2.0,-1.0,0,0,0.0
7.0,1.0,6.0,2.0,5.0,2.0,-1.0,0,0,0.0
8.0,2.0,6.0,2.0,7.0,1.0,-1.0,0,0,0.0
11.0,2.0,6.0,2.0,3.0,2.0,-1.0,0,0,0.0
6.0,2.0,6.0,2.0,7.0,1.0,5.0,1,1,0.93
13.0,1.0,6.0,2.0,9.0,1.0,-1.0,0,0,0.0
7.0,2.0,6.0,2.0,3.0,1.0,-1.0,0,0,0.0
7.0,1.0,6.0,2.0,7.0,1.0,-1.0,0,0,0.0
16.0,1.0,6.0,2.0,2.0,1.0,-1.0,0,0,0.0
7.0,2.0,6.0,2.0,3.0,2.0,-1.0,0,0,0.0
14.0,2.0,6.0,2.0,3.0,1.0,-1.0,0,0,0.0
8.0,1.0,6.0,2.0,2.0,1.0,-1.0,0,0,0.0
12.0,1.0,6.0,2.0,3.0,1.0,-1.0,0,0,0.0
7.0,1.0,6.0,2.0,7.0,2.0,-1.0,0,0,0.0
14.0,1.0,6.0,2.0,8.0,1.0,-1.0,0,0,0.0
7.0,1.0,6.0,2.0,4.0,2.0,-1.0,0,0,0.0
10.0,1.0,6.0,2.0,1.0,1.0,-1.0,0,0,0.0
13.0,1.0,6.0,2.0,6.0,1.0,-1.0,0,0,0.0
11.0,2.0,6.0,2.0,1.0,2.0,-1.0,0,0,0.0
17.0,2.0,6.0,2.0,2.0,1.0,-1.0,0,0,0.0
9.0,2.0,6.0,2.0,9.0,2.0,-1.0,0,0,0.0
8.0,1.0,6.0,2.0,6.0,1.0,-1.0,0,0,0.0
7.0,1.0,6.0,2.0,2.0,1.0,-1.0,0,0,0.0
10.0,1.0,6.0,2.0,7.0,1.0,-1.0,0,0,0.0
9.0,2.0,6.0,2.0,7.0,2.0,-1.0,0,0,0.0
11.0,2.0,6.0,2.0,7.0,1.0,-1.0,0,0,0.0
9.0,2.0,6.0,2.0,7.0,1.0,-1.0,0,0,0.0
16.0,1.0,6.0,1.0,3.0,2.0,-1.0,0,0,0.0
6.0,1.0,6.0,2.0,5.0,1.0,-1.0,0,0,0.0
7.0,1.0,6.0,2.0,2.0,1.0,-1.0,0,0,0.0
6.0,2.0,6.0,2.0,1.0,2.0,-1.0,0,0,0.0
17.0,1.0,6.0,2.0,3.0,2.0,-1.0,0,0,0.0
11.0,1.0,2.0,2.0,2.0,2.0,-1.0,0,0,0.0
10.0,1.0,6.0,2.0,7.0,1.0,-1.0,0,0,0.0
7.0,1.0,6.0,1.0,9.0,2.0,-1.0,0,0,0.0
11.0,2.0,6.0,2.0,4.0,1.0,-1.0,0,0,0.0
6.0,1.0,6.0,2.0,2.0,2.0,-1.0,0,0,0.0
18.0,2.0,6.0,2.0,3.0,1.0,-1.0,0,0,0.0
18.0,1.0,6.0,2.0,4.0,1.0,-1.0,0,0,0.0
15.0,2.0,6.0,1.0,2.0,1.0,-1.0,0,0,0.0
17.0,1.0,6.0,2.0,6.0,1.0,-1.0,0,0,0.0
8.0,2.0,6.0,2.0,7.0,1.0,-1.0,0,0,0.0
9.0,1.0,6.0,1.0,3.0,1.0,-1.0,0,0,0.0
12.0,1.0,6.0,2.0,3.0,1.0,-1.0,0,0,0.0
10.0,1.0,6.0,2.0,3.0,2.0,-1.0,0,0,0.0
6.0,2.0,6.0,2.0,5.0,2.0,-1.0,0,0,0.0
15.0,1.0,6.0,2.0,5.0,2.0,-1.0,0,0,0.0
10.0,1.0,6.0,2.0,7.0,1.0,-1.0,0,0,0.0
8.0,1.0,6.0,2.0,9.0,1.0,-1.0,0,0,0.0
17.0,1.0,6.0,2.0,7.0,1.0,-1.0,0,0,0.0
16.0,1.0,6.0,2.0,7.0,1.0,-1.0,0,0,0.0
13.0,1.0,6.0,2.0,9.0,2.0,-1.0,0,0,0.0
13.0,1.0,6.0,2.0,7.0,2.0,-1.0,0,0,0.0
8.0,2.0,6.0,2.0,2.0,1.0,-1.0,0,0,0.0
8.0,1.0,6.0,2.0,7.0,1.0,-1.0,0,0,0.0
12.0,1.0,6.0,2.0,3.0,1.0,-1.0,0,0,0.0
14.0,2.0,6.0,2.0,8.0,1.0,-1.0,0,0,0.0
16.0,1.0,6.0,2.0,5.0,1.0,-1.0,0,0,0.0
8.0,1.0,6.0,2.0,3.0,1.0,-1.0,0,0,0.0
15.0,1.0,6.0,2.0,3.0,1.0,-1.0,0,0,0.0
6.0,1.0,6.0,2.0,7.0,1.0,-1.0,0,0,0.0
8.0,1.0,6.0,2.0,4.0,1.0,-1.0,0,0,0.0
16.0,1.0,6.0,2.0,8.0,1.0,-1.0,0,0,0.0
10.0,1.0,6.0,2.0,7.0,1.0,-1.0,0,0,0.0
13.0,2.0,6.0,2.0,8.0,1.0,-1.0,0,0,0.0
6.0,2.0,6.0,2.0,7.0,1.0,-1.0,0,0,0.0
15.0,2.0,6.0,2.0,3.0,1.0,-1.0,0,0,0.0
9.0,1.0,6.0,2.0,3.0,1.0,-1.0,0,0,0.0
13.0,1.0,6.0,1.0,2.0,1.0,-1.0,0,0,0.0
9.0,2.0,6.0,2.0,6.0,2.0,-1.0,0,0,0.0
15.0,1.0,6.0,2.0,8.0,1.0,-1.0,0,0,0.0
11.0,1.0,6.0,2.0,7.0,1.0,-1.0,0,0,0.0
13.0,1.0,6.0,2.0,8.0,1.0,-1.0,0,0,0.0
9.0,2.0,6.0,2.0,6.0,2.0,-1.0,0,0,0.0
14.0,2.0,6.0,1.0,9.0,1.0,-1.0,0,0,0.0
15.0,1.0,6.0,1.0,2.0,2.0,-1.0,0,0,0.0
15.0,1.0,6.0,1.0,2.0,1.0,-1.0,0,0,0.0
18.0,2.0,6.0,1.0,2.0,1.0,6.0,1,1,0.9967
16.0,2.0,6.0,2.0,3.0,1.0,-1.0,0,0,0.0
10.0,2.0,6.0,2.0,7.0,1.0,-1.0,0,0,0.0
8.0,2.0,6.0,2.0,2.0,1.0,-1.0,0,0,0.0
14.0,1.0,6.0,2.0,2.0,1.0,-1.0,0,0,0.0
8.0,1.0,6.0,2.0,2.0,1.0,-1.0,0,0,0.0
16.0,1.0,6.0,2.0,7.0,1.0,-1.0,0,0,0.0
13.0,1.0,6.0,2.0,2.0,1.0,-1.0,0,0,0.0
15.0,1.0,6.0,2.0,3.0,1.0,-1.0,0,0,0.0
11.0,2.0,6.0,2.0,8.0,1.0,-1.0,0,0,0.0
15.0,2.0,6.0,2.0,3.0,1.0,-1.0,0,0,0.0
11.0,1.0,6.0,1.0,4.0,2.0,-1.0,0,0,0.0
9.0,1.0,6.0,2.0,1.0,1.0,-1.0,0,0,0.0
11.0,2.0,6.0,2.0,3.0,1.0,-1.0,0,0,0.0
6.0,2.0,6.0,2.0,2.0,1.0,-1.0,0,0,0.0
17.0,2.0,6.0,1.0,3.0,2.0,-1.0,0,0,0.0
7.0,2.0,6.0,1.0,5.0,1.0,-1.0,0,0,0.0
14.0,1.0,6.0,2.0,3.0,1.0,-1.0,0,0,0.0
15.0,1.0,6.0,2.0,2.0,1.0,-1.0,0,0,0.0
18.0,2.0,6.0,2.0,6.0,1.0,-1.0,0,0,0.0
6.0,2.0,6.0,2.0,2.0,1.0,-1.0,0,0,0.0
12.0,2.0,6.0,2.0,8.0,1.0,-1.0,0,0,0.0
17.0,2.0,6.0,2.0,8.0,1.0,-1.0,0,0,0.0
6.0,2.0,6.0,2.0,4.0,1.0,-1.0,0,0,0.0
12.0,2.0,6.0,2.0,3.0,1.0,-1.0,0,0,0.0
18.0,1.0,6.0,2.0,9.0,1.0,6.0,1,1,0.9233
13.0,2.0,6.0,2.0,2.0,1.0,-1.0,0,0,0.0
12.0,1.0,6.0,2.0,4.0,1.0,-1.0,0,0,0.0
17.0,1.0,6.0,2.0,2.0,1.0,-1.0,0,0,0.0
10.0,1.0,6.0,2.0,7.0,1.0,-1.0,0,0,0.0
15.0,1.0,6.0,2.0,9.0,2.0,-1.0,0,0,0.0
17.0,2.0,6.0,2.0,1.0,1.0,-1.0,0,0,0.0
12.0,1.0,6.0,2.0,5.0,1.0,-1.0,0,0,0.0
10.0,1.0,6.0,2.0,9.0,1.0,-1.0,0,0,0.0
10.0,1.0,6.0,2.0,9.0,2.0,-1.0,0,0,0.0
16.0,2.0,6.0,2.0,7.0,1.0,-1.0,0,0,0.0
7.0,1.0,6.0,2.0,5.0,2.0,-1.0,0,0,0.0
8.0,2.0,6.0,1.0,2.0,1.0,-1.0,0,0,0.0
14.0,1.0,6.0,2.0,1.0,1.0,-1.0,0,0,0.0
16.0,1.0,6.0,2.0,5.0,2.0,-1.0,0,0,0.0133
7.0,1.0,6.0,2.0,9.0,1.0,-1.0,0,0,0.0
15.0,2.0,6.0,2.0,8.0,1.0,-1.0,0,0,0.0
16.0,2.0,6.0,2.0,7.0,1.0,-1.0,0,0,0.0
11.0,2.0,6.0,2.0,2.0,1.0,-1.0,0,0,0.0
13.0,1.0,6.0,2.0,7.0,1.0,-1.0,0,0,0.0
17.0,1.0,6.0,2.0,2.0,1.0,-1.0,0,0,0.0
12.0,2.0,6.0,2.0,7.0,1.0,-1.0,0,0,0.0
15.0,1.0,6.0,2.0,3.0,1.0,-1.0,0,0,0.0
7.0,1.0,6.0,2.0,2.0,1.0,-1.0,0,0,0.0
6.0,2.0,6.0,2.0,2.0,1.0,-1.0,0,0,0.0
17.0,2.0,6.0,2.0,7.0,1.0,-1.0,0,0,0.0
12.0,2.0,6.0,2.0,7.0,1.0,-1.0,0,0,0.0
13.0,2.0,6.0,2.0,5.0,1.0,-1.0,0,0,0.0
11.0,1.0,6.0,2.0,1.0,2.0,-1.0,0,0,0.0
9.0,2.0,6.0,2.0,9.0,1.0,-1.0,0,0,0.0
13.0,1.0,6.0,2.0,5.0,2.0,-1.0,0,0,0.0
11.0,2.0,6.0,2.0,3.0,1.0,-1.0,0,0,0.0
14.0,1.0,6.0,2.0,7.0,1.0,-1.0,0,0,0.0
13.0,1.0,6.0,2.0,3.0,1.0,-1.0,0,0,0.0
11.0,1.0,6.0,2.0,7.0,1.0,-1.0,0,0,0.0
12.0,2.0,6.0,2.0,5.0,2.0,-1.0,0,0,0.0
17.0,1.0,6.0,2.0,7.0,1.0,8.0,1,1,1.0
9.0,2.0,6.0,2.0,3.0,1.0,-1.0,0,0,0.0
16.0,2.0,6.0,2.0,3.0,1.0,-1.0,0,0,0.0
16.0,2.0,27.0,2.0,5.0,2.0,-1.0,0,0,0.0033
9.0,2.0,6.0,2.0,2.0,1.0,-1.0,0,0,0.0
10.0,1.0,6.0,2.0,7.0,1.0,-1.0,0,0,0.0
16.0,1.0,6.0,2.0,6.0,1.0,-1.0,0,0,0.0
7.0,1.0,6.0,2.0,5.0,1.0,-1.0,0,0,0.0
11.0,2.0,6.0,2.0,7.0,1.0,-1.0,0,0,0.0
14.0,2.0,6.0,2.0,7.0,1.0,-1.0,0,0,0.0
17.0,1.0,6.0,2.0,8.0,2.0,-1.0,0,0,0.0033
17.0,2.0,6.0,2.0,6.0,1.0,-1.0,0,0,0.0
9.0,1.0,6.0,2.0,2.0,1.0,-1.0,0,0,0.0
12.0,1.0,6.0,2.0,7.0,1.0,-1.0,0,0,0.0
15.0,1.0,6.0,2.0,2.0,1.0,-1.0,0,0,0.0
13.0,1.0,6.0,2.0,7.0,1.0,-1.0,0,0,0.0
14.0,1.0,6.0,2.0,1.0,1.0,-1.0,0,0,0.0
10.0,1.0,6.0,2.0,9.0,2.0,-1.0,0,0,0.0
9.0,1.0,6.0,2.0,1.0,2.0,-1.0,0,0,0.0
10.0,2.0,6.0,2.0,3.0,2.0,-1.0,0,0,0.0
14.0,1.0,6.0,2.0,8.0,1.0,-1.0,0,0,0.0
12.0,2.0,6.0,2.0,7.0,1.0,-1.0,0,0,0.0
10.0,1.0,6.0,2.0,7.0,1.0,-1.0,0,0,0.0
7.0,1.0,6.0,2.0,6.0,1.0,-1.0,0,0,0.0
7.0,2.0,6.0,2.0,2.0,1.0,-1.0,0,0,0.0
18.0,2.0,6.0,2.0,1.0,2.0,-1.0,0,0,0.0
17.0,1.0,6.0,2.0,2.0,1.0,-1.0,0,0,0.0
7.0,1.0,6.0,2.0,1.0,2.0,-1.0,0,0,0.0
11.0,1.0,6.0,2.0,1.0,1.0,-1.0,0,0,0.0
11.0,1.0,6.0,2.0,3.0,1.0,-1.0,0,0,0.0
17.0,1.0,6.0,2.0,5.0,1.0,-1.0,0,0,0.0
16.0,2.0,6.0,2.0,1.0,2.0,-1.0,0,0,0.0
8.0,2.0,6.0,2.0,7.0,1.0,-1.0,0,0,0.0
15.0,1.0,6.0,2.0,2.0,1.0,-1.0,0,0,0.0
10.0,2.0,6.0,2.0,5.0,2.0,-1.0,0,0,0.0
14.0,2.0,6.0,2.0,2.0,1.0,-1.0,0,0,0.0
11.0,2.0,6.0,2.0,1.0,1.0,-1.0,0,0,0.0
6.0,1.0,6.0,2.0,8.0,2.0,-1.0,0,0,0.0
11.0,1.0,6.0,2.0,7.0,1.0,-1.0,0,0,0.0
10.0,1.0,6.0,2.0,2.0,1.0,-1.0,0,0,0.0
16.0,2.0,6.0,2.0,7.0,1.0,-1.0,0,0,0.0
10.0,1.0,6.0,1.0,2.0,1.0,-1.0,0,0,0.0
12.0,1.0,6.0,2.0,7.0,1.0,-1.0,0,0,0.0
14.0,1.0,6.0,1.0,5.0,1.0,-1.0,0,0,0.0
7.0,1.0,6.0,2.0,1.0,2.0,-1.0,0,0,0.0
8.0,1.0,6.0,2.0,6.0,1.0,-1.0,0,0,0.0
16.0,2.0,6.0,2.0,3.0,1.0,-1.0,0,0,0.0
17.0,1.0,6.0,2.0,4.0,2.0,1.0,1,1,0.9333
16.0,1.0,6.0,2.0,8.0,1.0,-1.0,0,0,0.0
13.0,2.0,6.0,2.0,5.0,2.0,-1.0,0,0,0.0
11.0,1.0,6.0,1.0,2.0,1.0,-1.0,0,0,0.0
11.0,2.0,27.0,2.0,5.0,1.0,-1.0,0,0,0.0
17.0,1.0,6.0,2.0,9.0,2.0,-1.0,0,0,0.0
8.0,2.0,6.0,2.0,5.0,2.0,-1.0,0,0,0.0
9.0,2.0,6.0,2.0,3.0,1.0,-1.0,0,0,0.0
6.0,2.0,6.0,2.0,9.0,1.0,-1.0,0,0,0.0
15.0,1.0,6.0,2.0,7.0,1.0,-1.0,0,0,0.0
6.0,1.0,6.0,2.0,3.0,1.0,-1.0,0,0,0.0
11.0,2.0,6.0,2.0,3.0,1.0,-1.0,0,0,0.0
7.0,2.0,6.0,2.0,2.0,1.0,-1.0,0,0,0.0
8.0,1.0,27.0,2.0,3.0,2.0,-1.0,0,0,0.0
15.0,1.0,6.0,2.0,2.0,1.0,-1.0,0,0,0.0
18.0,1.0,6.0,2.0,9.0,1.0,-1.0,0,0,0.0
13.0,1.0,6.0,2.0,1.0,2.0,-1.0,0,0,0.0
16.0,1.0,6.0,1.0,9.0,1.0,-1.0,0,0,0.0
17.0,1.0,2.0,2.0,2.0,1.0,-1.0,0,0,0.0
9.0,2.0,6.0,2.0,7.0,1.0,-1.0,0,0,0.0
7.0,1.0,6.0,2.0,7.0,1.0,-1.0,0,0,0.0
13.0,2.0,6.0,2.0,7.0,1.0,-1.0,0,0,0.0
17.0,1.0,6.0,2.0,7.0,1.0,-1.0,0,0,0.0
7.0,1.0,6.0,2.0,6.0,1.0,-1.0,0,0,0.0
7.0,1.0,6.0,2.0,7.0,1.0,-1.0,0,0,0.0
8.0,2.0,6.0,2.0,1.0,1.0,-1.0,0,0,0.0
7.0,1.0,6.0,2.0,7.0,2.0,-1.0,0,0,0.0
6.0,2.0,6.0,2.0,1.0,1.0,-1.0,0,0,0.0
14.0,1.0,6.0,2.0,1.0,1.0,-1.0,0,0,0.0
16.0,1.0,6.0,2.0,5.0,1.0,-1.0,0,0,0.0
10.0,1.0,27.0,2.0,3.0,2.0,-1.0,0,0,0.0
17.0,2.0,6.0,2.0,7.0,2.0,-1.0,0,0,0.0
17.0,2.0,6.0,2.0,9.0,2.0,-1.0,0,0,0.0
8.0,2.0,6.0,2.0,7.0,2.0,-1.0,0,0,0.0
10.0,2.0,6.0,2.0,2.0,1.0,-1.0,0,0,0.0
10.0,2.0,6.0,2.0,3.0,1.0,-1.0,0,0,0.0
7.0,1.0,6.0,2.0,7.0,2.0,-1.0,0,0,0.0
8.0,1.0,6.0,2.0,4.0,1.0,-1.0,0,0,0.0
18.0,2.0,6.0,2.0,2.0,1.0,-1.0,0,0,0.0
9.0,2.0,6.0,2.0,7.0,1.0,-1.0,0,0,0.0
17.0,2.0,6.0,2.0,6.0,2.0,-1.0,0,0,0.0
18.0,2.0,6.0,1.0,2.0,1.0,-1.0,0,0,0.0
16.0,2.0,6.0,2.0,2.0,1.0,-1.0,0,0,0.0
17.0,2.0,6.0,2.0,3.0,1.0,-1.0,0,0,0.0
14.0,1.0,6.0,2.0,9.0,1.0,-1.0,0,0,0.0
7.0,2.0,6.0,2.0,8.0,2.0,-1.0,0,0,0.0
12.0,2.0,6.0,2.0,8.0,1.0,-1.0,0,0,0.0
9.0,1.0,6.0,2.0,5.0,1.0,-1.0,0,0,0.0
18.0,1.0,6.0,2.0,3.0,1.0,-1.0,0,0,0.0
16.0,1.0,6.0,2.0,2.0,1.0,6.0,1,1,0.9933
9.0,2.0,6.0,2.0,3.0,1.0,-1.0,0,0,0.0
7.0,1.0,6.0,2.0,2.0,1.0,-1.0,0,0,0.0
15.0,1.0,2.0,2.0,2.0,2.0,-1.0,0,0,0.0
14.0,1.0,6.0,2.0,7.0,2.0,-1.0,0,0,0.0
11.0,1.0,6.0,2.0,3.0,1.0,-1.0,0,0,0.0
13.0,1.0,6.0,2.0,1.0,2.0,6.0,1,1,0.9767
6.0,1.0,6.0,2.0,8.0,2.0,-1.0,0,0,0.0
16.0,2.0,6.0,2.0,7.0,1.0,-1.0,0,0,0.0
7.0,2.0,6.0,2.0,9.0,2.0,-1.0,0,0,0.0
8.0,1.0,6.0,2.0,8.0,1.0,-1.0,0,0,0.0
16.0,1.0,6.0,2.0,3.0,1.0,-1.0,0,0,0.0
18.0,2.0,6.0,2.0,4.0,1.0,-1.0,0,0,0.0
10.0,2.0,6.0,2.0,4.0,2.0,-1.0,0,0,0.0
18.0,1.0,6.0,2.0,1.0,2.0,-1.0,0,0,0.0
8.0,2.0,6.0,2.0,1.0,2.0,-1.0,0,0,0.0
8.0,1.0,6.0,2.0,5.0,2.0,-1.0,0,0,0.0
11.0,1.0,6.0,2.0,1.0,2.0,-1.0,0,0,0.0
17.0,2.0,2.0,1.0,2.0,2.0,-1.0,0,0,0.0033
10.0,1.0,6.0,1.0,8.0,1.0,-1.0,0,0,0.0
9.0,1.0,6.0,2.0,1.0,2.0,-1.0,0,0,0.0
16.0,2.0,6.0,2.0,1.0,1.0,-1.0,0,0,0.0
13.0,1.0,6.0,2.0,2.0,1.0,-1.0,0,0,0.0
13.0,2.0,6.0,2.0,3.0,1.0,-1.0,0,0,0.0
14.0,1.0,995.0,2.0,7.0,1.0,2.0,1,1,0.9167
13.0,2.0,6.0,2.0,9.0,1.0,-1.0,0,0,0.0
6.0,2.0,6.0,2.0,5.0,1.0,-1.0,0,0,0.0
11.0,2.0,6.0,2.0,7.0,1.0,-1.0,0,0,0.0
10.0,1.0,6.0,1.0,7.0,1.0,-1.0,0,0,0.0
18.0,2.0,27.0,1.0,5.0,2.0,8.0,1,1,0.97
14.0,2.0,6.0,2.0,5.0,1.0,-1.0,0,0,0.0
10.0,1.0,6.0,2.0,3.0,1.0,-1.0,0,0,0.0
13.0,1.0,6.0,1.0,2.0,1.0,-1.0,0,0,0.0
17.0,2.0,6.0,2.0,5.0,1.0,-1.0,0,0,0.0
18.0,2.0,6.0,2.0,7.0,1.0,-1.0,0,0,0.0
8.0,1.0,6.0,2.0,7.0,1.0,-1.0,0,0,0.0
7.0,2.0,6.0,1.0,2.0,1.0,-1.0,0,0,0.0
15.0,2.0,6.0,2.0,7.0,1.0,-1.0,0,0,0.0
8.0,2.0,6.0,2.0,7.0,1.0,-1.0,0,0,0.0
14.0,2.0,6.0,2.0,1.0,2.0,6.0,1,1,0.9233
18.0,2.0,27.0,1.0,1.0,1.0,-1.0,0,0,0.0067
18.0,2.0,6.0,2.0,2.0,1.0,-1.0,0,0,0.0
9.0,1.0,6.0,2.0,3.0,1.0,-1.0,0,0,0.0
12.0,1.0,6.0,1.0,5.0,1.0,-1.0,0,0,0.0
9.0,2.0,6.0,2.0,3.0,1.0,-1.0,0,0,0.0
12.0,2.0,6.0,1.0,2.0,2.0,-1.0,0,0,0.0
17.0,1.0,6.0,2.0,2.0,2.0,-1.0,0,0,0.0
12.0,1.0,6.0,2.0,3.0,1.0,-1.0,0,0,0.0
14.0,1.0,6.0,1.0,2.0,1.0,-1.0,0,0,0.0
14.0,2.0,6.0,2.0,8.0,1.0,-1.0,0,0,0.0
18.0,1.0,6.0,2.0,7.0,1.0,-1.0,0,0,0.0
8.0,1.0,6.0,2.0,2.0,1.0,-1.0,0,0,0.0
8.0,2.0,995.0,2.0,3.0,2.0,-1.0,0,0,0.1067
9.0,1.0,6.0,2.0,8.0,2.0,-1.0,0,0,0.0
18.0,1.0,6.0,2.0,5.0,2.0,6.0,1,1,0.9767
15.0,1.0,6.0,2.0,7.0,1.0,5.0,1,1,0.9967
8.0,2.0,6.0,2.0,2.0,2.0,-1.0,0,0,0.0
18.0,1.0,6.0,2.0,6.0,1.0,-1.0,0,0,0.0
18.0,1.0,6.0,2.0,2.0,2.0,-1.0,0,0,0.0033
16.0,1.0,6.0,2.0,2.0,1.0,-1.0,0,0,0.0
13.0,2.0,6.0,2.0,2.0,1.0,-1.0,0,0,0.0
6.0,1.0,6.0,2.0,7.0,1.0,-1.0,0,0,0.0
6.0,1.0,6.0,2.0,7.0,1.0,-1.0,0,0,0.0
18.0,1.0,6.0,2.0,7.0,1.0,-1.0,0,0,0.0
12.0,1.0,6.0,2.0,8.0,1.0,-1.0,0,0,0.0
7.0,1.0,6.0,2.0,7.0,2.0,-1.0,0,0,0.0
6.0,2.0,6.0,2.0,7.0,1.0,-1.0,0,0,0.0
18.0,1.0,6.0,1.0,4.0,2.0,4.0,1,1,0.9967
12.0,2.0,6.0,2.0,6.0,1.0,-1.0,0,0,0.0
11.0,2.0,6.0,2.0,2.0,2.0,-1.0,0,0,0.0
6.0,1.0,6.0,2.0,2.0,1.0,-1.0,0,0,0.0
13.0,1.0,6.0,2.0,2.0,2.0,-1.0,0,0,0.0
17.0,2.0,6.0,2.0,7.0,1.0,-1.0,0,0,0.0
11.0,1.0,6.0,1.0,2.0,1.0,-1.0,0,0,0.0
15.0,2.0,6.0,2.0,2.0,1.0,-1.0,0,0,0.0
6.0,1.0,6.0,2.0,6.0,2.0,-1.0,0,0,0.0
9.0,2.0,6.0,2.0,3.0,1.0,-1.0,0,0,0.0
7.0,2.0,6.0,1.0,2.0,1.0,-1.0,0,0,0.0
10.0,1.0,6.0,2.0,7.0,1.0,-1.0,0,0,0.0
10.0,1.0,6.0,1.0,5.0,2.0,-1.0,0,0,0.0
12.0,2.0,6.0,2.0,5.0,2.0,-1.0,0,0,0.0
6.0,1.0,6.0,2.0,1.0,1.0,-1.0,0,0,0.0
12.0,1.0,6.0,2.0,1.0,1.0,-1.0,0,0,0.0
7.0,1.0,6.0,2.0,7.0,1.0,-1.0,0,0,0.0
11.0,1.0,6.0,2.0,7.0,1.0,-1.0,0,0,0.0
18.0,2.0,6.0,2.0,4.0,2.0,-1.0,0,0,0.0167
11.0,2.0,6.0,2.0,1.0,1.0,-1.0,0,0,0.0
13.0,2.0,6.0,2.0,5.0,2.0,-1.0,0,0,0.0
8.0,2.0,6.0,2.0,1.0,1.0,-1.0,0,0,0.0
11.0,2.0,6.0,2.0,4.0,1.0,-1.0,0,0,0.0
8.0,1.0,6.0,2.0,1.0,1.0,-1.0,0,0,0.0
7.0,2.0,6.0,2.0,1.0,1.0,-1.0,0,0,0.0
12.0,1.0,6.0,2.0,6.0,1.0,-1.0,0,0,0.0
9.0,2.0,27.0,2.0,1.0,2.0,-1.0,0,0,0.0
12.0,2.0,6.0,2.0,7.0,1.0,-1.0,0,0,0.0
14.0,2.0,6.0,2.0,7.0,1.0,-1.0,0,0,0.0
15.0,1.0,6.0,2.0,5.0,1.0,-1.0,0,0,0.0
6.0,1.0,6.0,2.0,6.0,1.0,-1.0,0,0,0.0
12.0,1.0,6.0,2.0,1.0,2.0,-1.0,0,0,0.0
10.0,1.0,6.0,2.0,2.0,1.0,-1.0,0,0,0.0
17.0,1.0,6.0,2.0,7.0,1.0,-1.0,0,0,0.0
7.0,2.0,6.0,1.0,2.0,1.0,-1.0,0,0,0.0
16.0,2.0,6.0,1.0,7.0,2.0,-1.0,0,0,0.0
11.0,2.0,6.0,2.0,3.0,1.0,-1.0,0,0,0.0
9.0,2.0,6.0,2.0,9.0,2.0,-1.0,0,0,0.0
12.0,2.0,6.0,2.0,8.0,1.0,-1.0,0,0,0.0
6.0,2.0,6.0,1.0,2.0,1.0,-1.0,0,0,0.0
7.0,2.0,6.0,1.0,5.0,1.0,-1.0,0,0,0.0
12.0,2.0,6.0,2.0,3.0,1.0,-1.0,0,0,0.0
10.0,1.0,6.0,2.0,3.0,1.0,-1.0,0,0,0.0
18.0,2.0,6.0,2.0,6.0,1.0,-1.0,0,0,0.0
13.0,2.0,6.0,2.0,2.0,1.0,-1.0,0,0,0.0
16.0,2.0,6.0,2.0,3.0,1.0,-1.0,0,0,0.0
18.0,1.0,6.0,2.0,8.0,2.0,-1.0,0,0,0.0267
13.0,1.0,6.0,2.0,3.0,1.0,-1.0,0,0,0.0
7.0,1.0,6.0,2.0,7.0,1.0,-1.0,0,0,0.0
11.0,2.0,6.0,1.0,2.0,2.0,-1.0,0,0,0.0
17.0,1.0,6.0,2.0,6.0,1.0,-1.0,0,0,0.0
9.0,1.0,6.0,2.0,5.0,2.0,-1.0,0,0,0.0
18.0,1.0,6.0,2.0,2.0,1.0,-1.0,0,0,0.0
11.0,2.0,6.0,2.0,9.0,1.0,-1.0,0,0,0.0
6.0,1.0,6.0,2.0,2.0,1.0,-1.0,0,0,0.0
11.0,2.0,6.0,2.0,7.0,1.0,-1.0,0,0,0.0
7.0,1.0,27.0,1.0,3.0,2.0,-1.0,0,0,0.0
10.0,2.0,6.0,2.0,7.0,1.0,-1.0,0,0,0.0
10.0,2.0,6.0,2.0,3.0,2.0,-1.0,0,0,0.0
13.0,1.0,6.0,2.0,7.0,1.0,-1.0,0,0,0.0
6.0,1.0,6.0,2.0,2.0,1.0,-1.0,0,0,0.0
14.0,1.0,6.0,2.0,6.0,1.0,-1.0,0,0,0.0
8.0,2.0,6.0,2.0,1.0,1.0,-1.0,0,0,0.0
8.0,1.0,6.0,2.0,7.0,1.0,-1.0,0,0,0.0
10.0,2.0,6.0,2.0,8.0,1.0,-1.0,0,0,0.0
12.0,2.0,6.0,1.0,8.0,2.0,-1.0,0,0,0.0
8.0,2.0,27.0,2.0,1.0,2.0,-1.0,0,0,0.0
11.0,1.0,6.0,2.0,8.0,1.0,-1.0,0,0,0.0
14.0,1.0,6.0,1.0,2.0,1.0,-1.0,0,0,0.0
13.0,2.0,6.0,2.0,2.0,1.0,-1.0,0,0,0.0
10.0,1.0,2.0,1.0,2.0,2.0,-1.0,0,0,0.0
15.0,1.0,6.0,2.0,6.0,1.0,-1.0,0,0,0.0
7.0,2.0,6.0,2.0,2.0,1.0,-1.0,0,0,0.0
12.0,1.0,6.0,2.0,2.0,1.0,-1.0,0,0,0.0
6.0,1.0,6.0,2.0,7.0,1.0,-1.0,0,0,0.0
18.0,2.0,6.0,2.0,6.0,1.0,-1.0,0,0,0.0
7.0,2.0,6.0,2.0,5.0,1.0,-1.0,0,0,0.0
16.0,2.0,6.0,2.0,2.0,1.0,-1.0,0,0,0.0
18.0,2.0,6.0,2.0,7.0,1.0,-1.0,0,0,0.0
17.0,1.0,6.0,2.0,9.0,1.0,-1.0,0,0,0.0
6.0,2.0,6.0,2.0,7.0,1.0,-1.0,0,0,0.0
12.0,1.0,6.0,2.0,2.0,2.0,-1.0,0,0,0.0
8.0,1.0,6.0,2.0,7.0,1.0,-1.0,0,0,0.0
9.0,2.0,6.0,2.0,7.0,1.0,-1.0,0,0,0.0
10.0,1.0,6.0,2.0,9.0,1.0,-1.0,0,0,0.0
11.0,1.0,6.0,2.0,7.0,1.0,-1.0,0,0,0.0
9.0,2.0,11.0,1.0,9.0,2.0,-1.0,0,0,0.0
12.0,2.0,6.0,1.0,7.0,1.0,-1.0,0,0,0.0
14.0,1.0,6.0,2.0,8.0,2.0,-1.0,0,0,0.0
8.0,1.0,6.0,2.0,7.0,2.0,-1.0,0,0,0.0
17.0,1.0,6.0,2.0,2.0,1.0,-1.0,0,0,0.0
15.0,1.0,6.0,2.0,6.0,1.0,-1.0,0,0,0.0
17.0,1.0,27.0,2.0,5.0,2.0,-1.0,0,0,0.0067
11.0,2.0,6.0,2.0,2.0,2.0,-1.0,0,0,0.0
18.0,2.0,6.0,2.0,9.0,1.0,-1.0,0,0,0.0
16.0,2.0,6.0,2.0,1.0,1.0,-1.0,0,0,0.0
12.0,1.0,6.0,2.0,7.0,1.0,-1.0,0,0,0.0
13.0,2.0,6.0,2.0,4.0,2.0,-1.0,0,0,0.0
9.0,1.0,6.0,2.0,2.0,1.0,-1.0,0,0,0.0
17.0,2.0,6.0,2.0,8.0,2.0,-1.0,0,0,0.0
15.0,2.0,6.0,2.0,7.0,1.0,-1.0,0,0,0.0
11.0,1.0,6.0,2.0,2.0,1.0,-1.0,0,0,0.0
16.0,2.0,995.0,2.0,2.0,1.0,-1.0,0,0,0.0633
8.0,2.0,6.0,2.0,1.0,1.0,-1.0,0,0,0.0
10.0,2.0,6.0,2.0,4.0,1.0,-1.0,0,0,0.0
16.0,1.0,6.0,2.0,1.0,1.0,-1.0,0,0,0.0
13.0,2.0,6.0,2.0,3.0,2.0,-1.0,0,0,0.0
10.0,1.0,6.0,2.0,2.0,1.0,-1.0,0,0,0.0
14.0,2.0,6.0,2.0,7.0,1.0,-1.0,0,0,0.0
13.0,1.0,6.0,2.0,2.0,1.0,-1.0,0,0,0.0
12.0,2.0,6.0,2.0,2.0,2.0,-1.0,0,0,0.0
10.0,2.0,6.0,2.0,8.0,1.0,-1.0,0,0,0.0
10.0,1.0,6.0,2.0,2.0,1.0,-1.0,0,0,0.0
8.0,1.0,6.0,2.0,2.0,1.0,-1.0,0,0,0.0
18.0,1.0,6.0,2.0,2.0,1.0,-1.0,0,0,0.0
13.0,2.0,6.0,1.0,4.0,1.0,-1.0,0,0,0.0
6.0,1.0,6.0,2.0,3.0,1.0,-1.0,0,0,0.0
15.0,2.0,6.0,2.0,7.0,1.0,-1.0,0,0,0.0
8.0,1.0,6.0,2.0,4.0,1.0,-1.0,0,0,0.0
17.0,2.0,6.0,2.0,2.0,1.0,-1.0,0,0,0.0
10.0,1.0,6.0,2.0,1.0,2.0,-1.0,0,0,0.0
7.0,1.0,6.0,2.0,6.0,1.0,-1.0,0,0,0.0
15.0,2.0,6.0,2.0,3.0,2.0,-1.0,0,0,0.0
14.0,2.0,6.0,2.0,4.0,2.0,-1.0,0,0,0.0
13.0,1.0,6.0,2.0,8.0,1.0,-1.0,0,0,0.0
9.0,1.0,6.0,2.0,4.0,1.0,-1.0,0,0,0.0
7.0,2.0,6.0,2.0,7.0,1.0,-1.0,0,0,0.0
15.0,1.0,6.0,2.0,7.0,1.0,-1.0,0,0,0.0
15.0,2.0,6.0,2.0,2.0,1.0,-1.0,0,0,0.0
8.0,1.0,6.0,2.0,9.0,1.0,-1.0,0,0,0.0
14.0,1.0,6.0,2.0,3.0,1.0,-1.0,0,0,0.0
18.0,2.0,6.0,1.0,2.0,1.0,-1.0,0,0,0.0
18.0,2.0,27.0,2.0,3.0,2.0,6.0,1,1,0.9867
15.0,2.0,6.0,2.0,1.0,2.0,-1.0,0,0,0.0
16.0,2.0,27.0,2.0,3.0,2.0,-1.0,0,0,0.0
14.0,2.0,6.0,1.0,4.0,1.0,-1.0,0,0,0.0
9.0,2.0,6.0,2.0,5.0,1.0,-1.0,0,0,0.0
8.0,2.0,6.0,2.0,2.0,1.0,-1.0,0,0,0.0
6.0,1.0,6.0,2.0,9.0,1.0,-1.0,0,0,0.0
13.0,1.0,6.0,1.0,2.0,1.0,-1.0,0,0,0.0
14.0,1.0,6.0,2.0,1.0,2.0,-1.0,0,0,0.0
18.0,2.0,6.0,1.0,5.0,2.0,-1.0,0,0,0.0
11.0,1.0,6.0,2.0,3.0,1.0,-1.0,0,0,0.0
12.0,1.0,6.0,2.0,8.0,1.0,-1.0,0,0,0.0
18.0,1.0,6.0,2.0,9.0,1.0,-1.0,0,0,0.0
13.0,1.0,6.0,2.0,5.0,1.0,-1.0,0,0,0.0
18.0,2.0,6.0,2.0,2.0,1.0,-1.0,0,0,0.0
13.0,2.0,6.0,2.0,9.0,1.0,-1.0,0,0,0.0
15.0,1.0,6.0,2.0,4.0,1.0,-1.0,0,0,0.0
9.0,1.0,6.0,2.0,5.0,1.0,-1.0,0,0,0.0
11.0,2.0,6.0,2.0,8.0,1.0,-1.0,0,0,0.0
15.0,2.0,6.0,2.0,3.0,1.0,-1.0,0,0,0.0
12.0,2.0,6.0,2.0,8.0,1.0,-1.0,0,0,0.0
11.0,1.0,6.0,2.0,3.0,1.0,-1.0,0,0,0.0
10.0,2.0,6.0,1.0,7.0,1.0,-1.0,0,0,0.0
17.0,1.0,6.0,1.0,2.0,1.0,-1.0,0,0,0.0
11.0,1.0,6.0,2.0,9.0,1.0,-1.0,0,0,0.0
10.0,1.0,6.0,2.0,9.0,1.0,-1.0,0,0,0.0
12.0,2.0,6.0,2.0,4.0,2.0,-1.0,0,0,0.0
8.0,1.0,6.0,2.0,2.0,1.0,-1.0,0,0,0.0
15.0,1.0,6.0,2.0,5.0,2.0,-1.0,0,0,0.0
7.0,2.0,6.0,2.0,3.0,1.0,-1.0,0,0,0.0
11.0,1.0,6.0,2.0,4.0,1.0,-1.0,0,0,0.0
6.0,1.0,6.0,2.0,9.0,1.0,-1.0,0,0,0.0
9.0,2.0,6.0,1.0,2.0,2.0,-1.0,0,0,0.0
14.0,2.0,27.0,2.0,3.0,1.0,-1.0,0,0,0.0
10.0,2.0,6.0,2.0,7.0,1.0,-1.0,0,0,0.0
16.0,2.0,27.0,2.0,3.0,2.0,-1.0,0,0,0.0
16.0,2.0,27.0,2.0,1.0,1.0,-1.0,0,0,0.0
15.0,2.0,6.0,2.0,4.0,1.0,-1.0,0,0,0.0
8.0,1.0,6.0,2.0,6.0,2.0,-1.0,0,0,0.0
16.0,1.0,6.0,2.0,8.0,2.0,-1.0,0,0,0.0
11.0,2.0,6.0,1.0,2.0,1.0,-1.0,0,0,0.0
12.0,2.0,6.0,2.0,4.0,1.0,-1.0,0,0,0.0
7.0,1.0,6.0,2.0,4.0,1.0,-1.0,0,0,0.0
7.0,1.0,6.0,1.0,2.0,1.0,-1.0,0,0,0.0
12.0,1.0,6.0,2.0,4.0,1.0,-1.0,0,0,0.0
17.0,2.0,6.0,2.0,3.0,2.0,-1.0,0,0,0.0
12.0,1.0,6.0,2.0,3.0,1.0,-1.0,0,0,0.0
10.0,2.0,6.0,2.0,3.0,1.0,-1.0,0,0,0.0
17.0,1.0,995.0,2.0,6.0,1.0,2.0,1,1,0.9333
18.0,2.0,27.0,2.0,5.0,2.0,6.0,1,1,0.9833
9.0,1.0,6.0,2.0,4.0,1.0,-1.0,0,0,0.0
8.0,1.0,6.0,2.0,5.0,1.0,-1.0,0,0,0.0
9.0,1.0,6.0,2.0,7.0,1.0,-1.0,0,0,0.0
17.0,1.0,6.0,2.0,7.0,1.0,-1.0,0,0,0.0
9.0,2.0,6.0,2.0,3.0,1.0,-1.0,0,0,0.0
9.0,2.0,6.0,2.0,2.0,1.0,-1.0,0,0,0.0
12.0,2.0,6.0,2.0,2.0,2.0,-1.0,0,0,0.0
18.0,2.0,6.0,2.0,3.0,1.0,-1.0,0,0,0.0
10.0,2.0,6.0,2.0,9.0,1.0,-1.0,0,0,0.0
11.0,1.0,6.0,2.0,2.0,1.0,-1.0,0,0,0.0
16.0,1.0,6.0,2.0,7.0,2.0,-1.0,0,0,0.0
11.0,2.0,6.0,2.0,2.0,2.0,-1.0,0,0,0.0
16.0,2.0,6.0,2.0,8.0,1.0,4.0,1,1,0.9833
18.0,2.0,6.0,2.0,3.0,1.0,6.0,1,1,0.9933
13.0,2.0,6.0,2.0,7.0,1.0,-1.0,0,0,0.0
12.0,1.0,6.0,2.0,7.0,1.0,-1.0,0,0,0.0
11.0,1.0,6.0,2.0,9.0,2.0,-1.0,0,0,0.0
11.0,2.0,6.0,2.0,6.0,2.0,-1.0,0,0,0.0
13.0,1.0,6.0,2.0,2.0,1.0,-1.0,0,0,0.0
13.0,1.0,6.0,2.0,4.0,1.0,-1.0,0,0,0.0
6.0,1.0,6.0,2.0,2.0,2.0,-1.0,0,0,0.0
18.0,1.0,6.0,2.0,7.0,1.0,2.0,1,1,0.9933
13.0,1.0,6.0,2.0,3.0,1.0,-1.0,0,0,0.0
17.0,2.0,6.0,2.0,3.0,1.0,-1.0,0,0,0.0
14.0,2.0,6.0,2.0,6.0,1.0,-1.0,0,0,0.0
12.0,1.0,6.0,2.0,2.0,1.0,-1.0,0,0,0.0
10.0,1.0,6.0,2.0,9.0,2.0,-1.0,0,0,0.0
11.0,2.0,6.0,2.0,8.0,1.0,-1.0,0,0,0.0
10.0,2.0,6.0,2.0,2.0,1.0,-1.0,0,0,0.0
6.0,2.0,6.0,2.0,9.0,1.0,-1.0,0,0,0.0
8.0,2.0,6.0,2.0,2.0,1.0,-1.0,0,0,0.0
13.0,1.0,2.0,1.0,2.0,1.0,-1.0,0,0,0.0
7.0,1.0,6.0,2.0,2.0,1.0,-1.0,0,0,0.0
8.0,2.0,6.0,2.0,7.0,1.0,-1.0,0,0,0.0
13.0,1.0,6.0,1.0,2.0,1.0,-1.0,0,0,0.0
6.0,1.0,6.0,2.0,2.0,1.0,-1.0,0,0,0.0
15.0,2.0,6.0,1.0,6.0,2.0,-1.0,0,0,0.0
7.0,1.0,6.0,2.0,2.0,2.0,-1.0,0,0,0.0
12.0,2.0,6.0,2.0,7.0,1.0,-1.0,0,0,0.0
18.0,1.0,6.0,2.0,2.0,1.0,4.0,1,1,1.0
17.0,2.0,6.0,2.0,7.0,1.0,-1.0,0,0,0.0
14.0,1.0,6.0,2.0,8.0,1.0,-1.0,0,0,0.0
10.0,1.0,6.0,2.0,6.0,1.0,-1.0,0,0,0.0
12.0,2.0,6.0,2.0,6.0,1.0,-1.0,0,0,0.0
15.0,1.0,6.0,2.0,2.0,1.0,-1.0,0,0,0.0
11.0,2.0,6.0,2.0,9.0,2.0,-1.0,0,0,0.0
12.0,2.0,6.0,2.0,1.0,1.0,-1.0,0,0,0.0
14.0,1.0,6.0,2.0,2.0,1.0,-1.0,0,0,0.0
10.0,2.0,27.0,2.0,3.0,2.0,-1.0,0,0,0.0
8.0,2.0,6.0,2.0,5.0,1.0,-1.0,0,0,0.0
10.0,1.0,6.0,2.0,1.0,1.0,-1.0,0,0,0.0
10.0,1.0,6.0,2.0,2.0,1.0,-1.0,0,0,0.0
14.0,2.0,6.0,2.0,6.0,1.0,-1.0,0,0,0.0
9.0,1.0,6.0,2.0,2.0,1.0,-1.0,0,0,0.0
15.0,2.0,6.0,2.0,7.0,1.0,-1.0,0,0,0.0
7.0,1.0,6.0,2.0,6.0,2.0,-1.0,0,0,0.0
16.0,2.0,6.0,2.0,3.0,1.0,-1.0,0,0,0.0
10.0,1.0,6.0,2.0,9.0,1.0,-1.0,0,0,0.0
11.0,1.0,6.0,2.0,4.0,2.0,-1.0,0,0,0.0
14.0,1.0,6.0,2.0,6.0,2.0,-1.0,0,0,0.0033
7.0,1.0,6.0,2.0,2.0,1.0,-1.0,0,0,0.0
9.0,2.0,6.0,2.0,2.0,1.0,-1.0,0,0,0.0
14.0,1.0,6.0,2.0,2.0,1.0,-1.0,0,0,0.0
10.0,2.0,6.0,2.0,7.0,1.0,-1.0,0,0,0.0
14.0,2.0,27.0,2.0,5.0,2.0,-1.0,0,0,0.0067
12.0,2.0,6.0,2.0,7.0,1.0,-1.0,0,0,0.0
16.0,1.0,6.0,2.0,6.0,2.0,-1.0,0,0,0.0
11.0,1.0,6.0,2.0,5.0,2.0,-1.0,0,0,0.0
8.0,1.0,6.0,2.0,2.0,1.0,-1.0,0,0,0.0
14.0,1.0,6.0,2.0,1.0,2.0,-1.0,0,0,0.0
15.0,1.0,6.0,2.0,7.0,1.0,-1.0,0,0,0.0
16.0,1.0,6.0,2.0,7.0,1.0,-1.0,0,0,0.0
10.0,2.0,6.0,2.0,3.0,1.0,-1.0,0,0,0.0
10.0,1.0,6.0,2.0,7.0,1.0,-1.0,0,0,0.0
8.0,2.0,6.0,2.0,8.0,2.0,-1.0,0,0,0.0
7.0,1.0,6.0,2.0,7.0,2.0,-1.0,0,0,0.0
7.0,1.0,6.0,2.0,3.0,1.0,-1.0,0,0,0.0
13.0,2.0,6.0,2.0,3.0,1.0,-1.0,0,0,0.0
8.0,1.0,6.0,2.0,8.0,1.0,-1.0,0,0,0.0
12.0,2.0,6.0,2.0,5.0,1.0,-1.0,0,0,0.0
8.0,1.0,6.0,2.0,6.0,1.0,-1.0,0,0,0.0
18.0,2.0,27.0,1.0,3.0,2.0,5.0,1,1,0.9767
7.0,1.0,6.0,2.0,7.0,1.0,-1.0,0,0,0.0
16.0,1.0,6.0,2.0,2.0,1.0,-1.0,0,0,0.0
13.0,2.0,6.0,2.0,7.0,1.0,-1.0,0,0,0.0
12.0,2.0,6.0,2.0,7.0,1.0,-1.0,0,0,0.0
14.0,1.0,6.0,2.0,4.0,1.0,-1.0,0,0,0.0
6.0,2.0,6.0,2.0,7.0,1.0,-1.0,0,0,0.0
15.0,1.0,6.0,1.0,4.0,2.0,-1.0,0,0,0.0
18.0,2.0,6.0,2.0,3.0,2.0,-1.0,0,0,0.0
11.0,2.0,6.0,2.0,5.0,2.0,-1.0,0,0,0.0
8.0,1.0,6.0,1.0,7.0,2.0,-1.0,0,0,0.0
7.0,1.0,6.0,2.0,2.0,1.0,-1.0,0,0,0.0
7.0,2.0,6.0,2.0,2.0,1.0,-1.0,0,0,0.0
15.0,1.0,6.0,2.0,2.0,1.0,-1.0,0,0,0.0
11.0,2.0,6.0,2.0,8.0,2.0,-1.0,0,0,0.0
12.0,1.0,6.0,2.0,2.0,1.0,-1.0,0,0,0.0
10.0,1.0,6.0,2.0,5.0,1.0,-1.0,0,0,0.0
9.0,2.0,6.0,2.0,2.0,1.0,-1.0,0,0,0.0
8.0,1.0,6.0,2.0,2.0,2.0,-1.0,0,0,0.0
15.0,1.0,6.0,1.0,2.0,1.0,-1.0,0,0,0.0
6.0,2.0,6.0,2.0,2.0,1.0,-1.0,0,0,0.0
10.0,2.0,6.0,2.0,6.0,1.0,-1.0,0,0,0.0
12.0,1.0,6.0,2.0,2.0,1.0,-1.0,0,0,0.0
7.0,1.0,6.0,2.0,8.0,1.0,-1.0,0,0,0.0
12.0,2.0,6.0,2.0,7.0,1.0,-1.0,0,0,0.0
15.0,2.0,6.0,2.0,7.0,1.0,-1.0,0,0,0.0
7.0,2.0,6.0,2.0,4.0,2.0,-1.0,0,0,0.0
6.0,1.0,6.0,2.0,9.0,1.0,-1.0,0,0,0.0
14.0,2.0,6.0,2.0,6.0,1.0,-1.0,0,0,0.0
12.0,2.0,6.0,2.0,2.0,1.0,-1.0,0,0,0.0
6.0,2.0,6.0,2.0,5.0,1.0,-1.0,0,0,0.0
15.0,2.0,6.0,1.0,1.0,1.0,-1.0,0,0,0.0
6.0,1.0,6.0,2.0,9.0,2.0,-1.0,0,0,0.0
7.0,2.0,27.0,2.0,5.0,2.0,-1.0,0,0,0.0
16.0,1.0,6.0,2.0,5.0,1.0,-1.0,0,0,0.0
12.0,1.0,6.0,2.0,4.0,1.0,-1.0,0,0,0.0
8.0,2.0,6.0,2.0,6.0,1.0,-1.0,0,0,0.0
9.0,2.0,6.0,2.0,3.0,2.0,-1.0,0,0,0.0
12.0,1.0,6.0,2.0,7.0,1.0,-1.0,0,0,0.0
15.0,1.0,6.0,2.0,4.0,1.0,-1.0,0,0,0.0
11.0,1.0,6.0,2.0,7.0,1.0,-1.0,0,0,0.0
11.0,2.0,6.0,2.0,9.0,2.0,8.0,1,1,0.9867
6.0,2.0,6.0,2.0,4.0,1.0,-1.0,0,0,0.0
17.0,1.0,6.0,2.0,3.0,2.0,-1.0,0,0,0.0
8.0,1.0,6.0,2.0,7.0,1.0,-1.0,0,0,0.0
17.0,1.0,6.0,2.0,4.0,1.0,-1.0,0,0,0.0
13.0,2.0,6.0,2.0,7.0,1.0,-1.0,0,0,0.0
13.0,2.0,6.0,2.0,2.0,1.0,-1.0,0,0,0.0
12.0,1.0,6.0,2.0,8.0,1.0,-1.0,0,0,0.0
12.0,2.0,6.0,2.0,7.0,1.0,-1.0,0,0,0.0
18.0,2.0,6.0,2.0,6.0,1.0,-1.0,0,0,0.0
9.0,1.0,6.0,2.0,3.0,2.0,-1.0,0,0,0.0
6.0,1.0,6.0,2.0,8.0,1.0,-1.0,0,0,0.0
15.0,1.0,6.0,2.0,5.0,1.0,-1.0,0,0,0.0
16.0,1.0,6.0,2.0,2.0,1.0,-1.0,0,0,0.0
12.0,1.0,15.0,1.0,8.0,1.0,-1.0,0,0,0.0
12.0,2.0,6.0,1.0,2.0,1.0,-1.0,0,0,0.0
9.0,2.0,6.0,2.0,7.0,1.0,-1.0,0,0,0.0
8.0,2.0,6.0,2.0,9.0,2.0,-1.0,0,0,0.0
13.0,2.0,6.0,2.0,1.0,1.0,-1.0,0,0,0.0
7.0,2.0,6.0,2.0,2.0,1.0,-1.0,0,0,0.0
8.0,2.0,6.0,2.0,1.0,1.0,-1.0,0,0,0.0
7.0,1.0,6.0,2.0,2.0,1.0,-1.0,0,0,0.0
6.0,1.0,6.0,2.0,3.0,1.0,-1.0,0,0,0.0
10.0,1.0,6.0,2.0,8.0,1.0,-1.0,0,0,0.0
11.0,1.0,6.0,2.0,3.0,1.0,-1.0,0,0,0.0
16.0,1.0,6.0,2.0,7.0,1.0,-1.0,0,0,0.0
17.0,1.0,6.0,2.0,7.0,1.0,-1.0,0,0,0.0
6.0,1.0,6.0,2.0,3.0,1.0,-1.0,0,0,0.0
8.0,2.0,6.0,2.0,9.0,1.0,-1.0,0,0,0.0
17.0,2.0,6.0,2.0,5.0,1.0,-1.0,0,0,0.0
7.0,1.0,6.0,2.0,1.0,2.0,-1.0,0,0,0.0
6.0,2.0,6.0,2.0,7.0,1.0,-1.0,0,0,0.0
6.0,1.0,6.0,2.0,5.0,1.0,-1.0,0,0,0.0
15.0,2.0,6.0,2.0,6.0,1.0,-1.0,0,0,0.0
18.0,2.0,6.0,2.0,3.0,1.0,6.0,1,1,0.9933
15.0,2.0,6.0,2.0,2.0,2.0,-1.0,0,0,0.0
14.0,2.0,6.0,2.0,2.0,1.0,-1.0,0,0,0.0
14.0,1.0,6.0,2.0,9.0,1.0,-1.0,0,0,0.0
18.0,1.0,6.0,2.0,9.0,1.0,-1.0,0,0,0.0
10.0,2.0,6.0,2.0,4.0,1.0,-1.0,0,0,0.0
7.0,1.0,6.0,2.0,5.0,1.0,-1.0,0,0,0.0
18.0,1.0,6.0,2.0,9.0,2.0,6.0,1,1,1.0
13.0,2.0,6.0,2.0,2.0,1.0,-1.0,0,0,0.0
12.0,2.0,6.0,2.0,9.0,1.0,-1.0,0,0,0.0
9.0,2.0,6.0,2.0,7.0,1.0,-1.0,0,0,0.0
11.0,1.0,6.0,2.0,3.0,1.0,-1.0,0,0,0.0
13.0,1.0,27.0,2.0,1.0,2.0,-1.0,0,0,0.0
16.0,2.0,6.0,2.0,2.0,2.0,-1.0,0,0,0.0
14.0,2.0,6.0,2.0,6.0,1.0,-1.0,0,0,0.0
11.0,1.0,6.0,2.0,1.0,2.0,-1.0,0,0,0.0
10.0,1.0,6.0,2.0,5.0,2.0,-1.0,0,0,0.0
8.0,2.0,6.0,2.0,7.0,1.0,-1.0,0,0,0.0
10.0,1.0,27.0,2.0,5.0,2.0,-1.0,0,0,0.0
17.0,1.0,6.0,2.0,2.0,1.0,-1.0,0,0,0.0
9.0,2.0,6.0,2.0,8.0,1.0,-1.0,0,0,0.0
15.0,2.0,6.0,2.0,3.0,2.0,5.0,1,1,0.93
12.0,2.0,6.0,2.0,6.0,1.0,-1.0,0,0,0.0
15.0,1.0,6.0,2.0,3.0,1.0,-1.0,0,0,0.0
14.0,1.0,6.0,2.0,3.0,1.0,-1.0,0,0,0.0
6.0,1.0,6.0,2.0,3.0,1.0,-1.0,0,0,0.0
14.0,2.0,6.0,2.0,4.0,1.0,-1.0,0,0,0.0
8.0,2.0,6.0,2.0,7.0,1.0,-1.0,0,0,0.0
16.0,1.0,6.0,2.0,3.0,2.0,-1.0,0,0,0.0
13.0,2.0,6.0,2.0,7.0,1.0,-1.0,0,0,0.0
10.0,1.0,6.0,2.0,3.0,1.0,-1.0,0,0,0.0
14.0,1.0,6.0,1.0,5.0,1.0,-1.0,0,0,0.0
13.0,1.0,6.0,2.0,4.0,1.0,-1.0,0,0,0.0
9.0,2.0,6.0,2.0,4.0,1.0,-1.0,0,0,0.0
17.0,1.0,6.0,2.0,1.0,1.0,-1.0,0,0,0.0
6.0,1.0,6.0,2.0,4.0,1.0,-1.0,0,0,0.0
18.0,2.0,6.0,2.0,7.0,1.0,-1.0,0,0,0.0
16.0,1.0,6.0,2.0,9.0,1.0,-1.0,0,0,0.0
16.0,2.0,6.0,2.0,7.0,1.0,-1.0,0,0,0.0
14.0,2.0,6.0,2.0,7.0,1.0,-1.0,0,0,0.0
7.0,2.0,6.0,2.0,3.0,1.0,-1.0,0,0,0.0
18.0,1.0,6.0,2.0,8.0,1.0,-1.0,0,0,0.0
12.0,1.0,6.0,2.0,7.0,1.0,-1.0,0,0,0.0
14.0,1.0,6.0,2.0,9.0,1.0,-1.0,0,0,0.0
16.0,2.0,6.0,2.0,2.0,1.0,-1.0,0,0,0.0
10.0,2.0,6.0,1.0,5.0,2.0,-1.0,0,0,0.0
15.0,1.0,6.0,1.0,2.0,1.0,-1.0,0,0,0.0
16.0,1.0,6.0,2.0,7.0,1.0,-1.0,0,0,0.0
14.0,1.0,6.0,2.0,3.0,1.0,-1.0,0,0,0.0
10.0,1.0,6.0,2.0,9.0,1.0,-1.0,0,0,0.0
18.0,2.0,6.0,2.0,5.0,1.0,-1.0,0,0,0.0
12.0,1.0,6.0,1.0,2.0,1.0,-1.0,0,0,0.0
17.0,1.0,6.0,2.0,6.0,1.0,-1.0,0,0,0.0
13.0,1.0,6.0,2.0,7.0,1.0,-1.0,0,0,0.0
8.0,2.0,6.0,1.0,5.0,2.0,-1.0,0,0,0.0
14.0,1.0,6.0,2.0,3.0,1.0,-1.0,0,0,0.0
17.0,1.0,2.0,1.0,2.0,2.0,-1.0,0,0,0.0
16.0,2.0,6.0,2.0,6.0,2.0,-1.0,0,0,0.0
9.0,2.0,6.0,2.0,9.0,1.0,-1.0,0,0,0.0
12.0,1.0,6.0,2.0,3.0,2.0,-1.0,0,0,0.0
9.0,2.0,6.0,2.0,4.0,1.0,-1.0,0,0,0.0
13.0,2.0,6.0,1.0,1.0,1.0,-1.0,0,0,0.0
9.0,1.0,6.0,1.0,5.0,1.0,-1.0,0,0,0.0
13.0,1.0,6.0,2.0,7.0,1.0,-1.0,0,0,0.0
14.0,2.0,6.0,2.0,7.0,1.0,6.0,1,1,0.9467
16.0,2.0,2.0,1.0,3.0,2.0,-1.0,0,0,0.0
17.0,2.0,6.0,2.0,2.0,1.0,-1.0,0,0,0.0
17.0,2.0,6.0,2.0,8.0,1.0,-1.0,0,0,0.0
17.0,2.0,2.0,1.0,2.0,1.0,-1.0,0,0,0.01
12.0,2.0,6.0,2.0,6.0,1.0,-1.0,0,0,0.0
12.0,2.0,6.0,2.0,3.0,1.0,-1.0,0,0,0.0
15.0,2.0,6.0,1.0,9.0,2.0,-1.0,0,0,0.0
14.0,1.0,6.0,2.0,7.0,1.0,-1.0,0,0,0.0
9.0,1.0,6.0,2.0,2.0,1.0,-1.0,0,0,0.0
9.0,1.0,6.0,2.0,3.0,1.0,-1.0,0,0,0.0
15.0,1.0,6.0,2.0,3.0,1.0,-1.0,0,0,0.0
12.0,2.0,6.0,2.0,7.0,1.0,-1.0,0,0,0.0
10.0,2.0,6.0,2.0,8.0,1.0,-1.0,0,0,0.0
13.0,2.0,6.0,2.0,9.0,1.0,-1.0,0,0,0.0
10.0,2.0,6.0,2.0,3.0,2.0,-1.0,0,0,0.0
12.0,2.0,6.0,2.0,7.0,1.0,-1.0,0,0,0.0
16.0,1.0,6.0,2.0,9.0,2.0,-1.0,0,0,0.0
11.0,2.0,6.0,2.0,7.0,1.0,-1.0,0,0,0.0
11.0,2.0,6.0,2.0,2.0,1.0,-1.0,0,0,0.0
11.0,1.0,6.0,2.0,9.0,1.0,-1.0,0,0,0.0
15.0,2.0,6.0,2.0,2.0,1.0,-1.0,0,0,0.0
18.0,2.0,6.0,2.0,3.0,1.0,-1.0,0,0,0.0
14.0,1.0,6.0,2.0,7.0,1.0,-1.0,0,0,0.0
17.0,1.0,6.0,1.0,2.0,1.0,-1.0,0,0,0.0
12.0,2.0,6.0,2.0,9.0,2.0,-1.0,0,0,0.0
11.0,1.0,6.0,1.0,4.0,2.0,-1.0,0,0,0.0
14.0,2.0,6.0,2.0,2.0,1.0,-1.0,0,0,0.0
16.0,2.0,6.0,2.0,3.0,1.0,-1.0,0,0,0.0
12.0,2.0,6.0,2.0,3.0,2.0,-1.0,0,0,0.0
17.0,1.0,6.0,2.0,2.0,2.0,-1.0,0,0,0.0
7.0,2.0,6.0,2.0,5.0,1.0,-1.0,0,0,0.0
17.0,1.0,6.0,2.0,3.0,1.0,-1.0,0,0,0.0
18.0,2.0,6.0,2.0,3.0,1.0,-1.0,0,0,0.0
7.0,2.0,6.0,2.0,3.0,1.0,-1.0,0,0,0.0
16.0,1.0,6.0,2.0,3.0,1.0,-1.0,0,0,0.0
15.0,1.0,6.0,2.0,2.0,1.0,-1.0,0,0,0.0
12.0,2.0,6.0,2.0,7.0,1.0,-1.0,0,0,0.0
7.0,2.0,6.0,2.0,2.0,1.0,-1.0,0,0,0.0
12.0,1.0,6.0,1.0,4.0,2.0,-1.0,0,0,0.0
14.0,1.0,6.0,2.0,5.0,1.0,-1.0,0,0,0.0
8.0,2.0,6.0,2.0,7.0,1.0,-1.0,0,0,0.0
8.0,1.0,6.0,2.0,2.0,1.0,-1.0,0,0,0.0
17.0,1.0,6.0,2.0,8.0,2.0,-1.0,0,0,0.0033
17.0,2.0,6.0,2.0,8.0,1.0,-1.0,0,0,0.0
6.0,2.0,6.0,2.0,2.0,1.0,-1.0,0,0,0.0
14.0,1.0,6.0,2.0,3.0,1.0,-1.0,0,0,0.0
10.0,2.0,6.0,2.0,5.0,1.0,-1.0,0,0,0.0
13.0,2.0,6.0,2.0,7.0,1.0,-1.0,0,0,0.0
12.0,2.0,6.0,2.0,8.0,1.0,-1.0,0,0,0.0
12.0,1.0,6.0,2.0,3.0,1.0,-1.0,0,0,0.0
18.0,2.0,6.0,2.0,3.0,1.0,-1.0,0,0,0.0
7.0,1.0,6.0,2.0,2.0,1.0,-1.0,0,0,0.0
6.0,2.0,6.0,2.0,2.0,1.0,-1.0,0,0,0.0
11.0,1.0,6.0,2.0,2.0,1.0,-1.0,0,0,0.0
16.0,2.0,6.0,2.0,1.0,1.0,-1.0,0,0,0.0
16.0,1.0,6.0,2.0,8.0,1.0,6.0,1,1,1.0
10.0,1.0,6.0,2.0,3.0,1.0,-1.0,0,0,0.0
18.0,1.0,6.0,2.0,2.0,1.0,-1.0,0,0,0.0
7.0,1.0,6.0,1.0,8.0,2.0,-1.0,0,0,0.0
10.0,1.0,6.0,2.0,8.0,1.0,-1.0,0,0,0.0
15.0,1.0,6.0,2.0,9.0,2.0,-1.0,0,0,0.0
10.0,1.0,6.0,2.0,9.0,2.0,-1.0,0,0,0.0
15.0,2.0,6.0,2.0,7.0,1.0,-1.0,0,0,0.0
12.0,2.0,6.0,2.0,7.0,1.0,-1.0,0,0,0.0
12.0,1.0,6.0,2.0,7.0,1.0,-1.0,0,0,0.0
17.0,2.0,6.0,2.0,6.0,1.0,-1.0,0,0,0.0
11.0,2.0,6.0,2.0,7.0,1.0,-1.0,0,0,0.0
12.0,2.0,6.0,2.0,9.0,2.0,-1.0,0,0,0.0
6.0,1.0,6.0,2.0,8.0,2.0,-1.0,0,0,0.0
11.0,1.0,6.0,2.0,7.0,2.0,-1.0,0,0,0.0
18.0,2.0,6.0,1.0,5.0,1.0,-1.0,0,0,0.0
15.0,1.0,6.0,2.0,2.0,1.0,-1.0,0,0,0.0
9.0,1.0,27.0,2.0,5.0,1.0,-1.0,0,0,0.0
13.0,1.0,6.0,2.0,4.0,2.0,-1.0,0,0,0.0
14.0,2.0,6.0,2.0,2.0,1.0,-1.0,0,0,0.0
11.0,2.0,6.0,2.0,4.0,1.0,-1.0,0,0,0.0
16.0,2.0,6.0,2.0,7.0,1.0,-1.0,0,0,0.0
11.0,2.0,6.0,2.0,7.0,1.0,-1.0,0,0,0.0
8.0,1.0,6.0,2.0,7.0,1.0,-1.0,0,0,0.0
14.0,1.0,6.0,2.0,1.0,1.0,-1.0,0,0,0.0
18.0,2.0,6.0,2.0,9.0,1.0,-1.0,0,0,0.0
14.0,1.0,6.0,2.0,3.0,1.0,-1.0,0,0,0.0
17.0,1.0,6.0,2.0,7.0,1.0,-1.0,0,0,0.0
6.0,1.0,6.0,2.0,2.0,1.0,-1.0,0,0,0.0
12.0,2.0,6.0,2.0,6.0,2.0,2.0,1,1,0.92
7.0,2.0,6.0,2.0,3.0,1.0,-1.0,0,0,0.0
14.0,2.0,6.0,2.0,5.0,1.0,-1.0,0,0,0.0
6.0,2.0,6.0,1.0,8.0,2.0,-1.0,0,0,0.0
16.0,1.0,6.0,2.0,2.0,1.0,-1.0,0,0,0.0
11.0,1.0,6.0,2.0,3.0,1.0,-1.0,0,0,0.0
9.0,1.0,6.0,2.0,2.0,1.0,-1.0,0,0,0.0
15.0,2.0,6.0,2.0,2.0,1.0,-1.0,0,0,0.0
7.0,1.0,6.0,2.0,2.0,1.0,-1.0,0,0,0.0
10.0,2.0,6.0,1.0,2.0,1.0,-1.0,0,0,0.0
15.0,1.0,6.0,2.0,9.0,1.0,-1.0,0,0,0.0
12.0,1.0,6.0,2.0,7.0,1.0,-1.0,0,0,0.0
18.0,1.0,6.0,2.0,7.0,1.0,-1.0,0,0,0.0
10.0,1.0,6.0,2.0,6.0,2.0,-1.0,0,0,0.0
8.0,1.0,6.0,2.0,4.0,1.0,-1.0,0,0,0.0
12.0,1.0,6.0,2.0,6.0,1.0,-1.0,0,0,0.0
15.0,2.0,6.0,2.0,1.0,1.0,-1.0,0,0,0.0
16.0,1.0,6.0,2.0,7.0,1.0,-1.0,0,0,0.0
17.0,1.0,6.0,2.0,6.0,1.0,-1.0,0,0,0.0
8.0,1.0,6.0,2.0,1.0,2.0,-1.0,0,0,0.0
18.0,2.0,6.0,2.0,8.0,1.0,-1.0,0,0,0.0
9.0,1.0,6.0,2.0,7.0,1.0,-1.0,0,0,0.0
6.0,1.0,6.0,2.0,7.0,1.0,-1.0,0,0,0.0
16.0,2.0,6.0,2.0,5.0,1.0,-1.0,0,0,0.0
11.0,1.0,6.0,2.0,2.0,1.0,-1.0,0,0,0.0
8.0,1.0,6.0,2.0,9.0,2.0,-1.0,0,0,0.0
17.0,2.0,6.0,2.0,2.0,1.0,-1.0,0,0,0.0
12.0,2.0,27.0,2.0,5.0,2.0,-1.0,0,0,0.0
11.0,2.0,6.0,2.0,2.0,1.0,-1.0,0,0,0.0
12.0,2.0,6.0,2.0,3.0,1.0,-1.0,0,0,0.0
7.0,1.0,6.0,2.0,7.0,1.0,-1.0,0,0,0.0
9.0,1.0,6.0,2.0,9.0,2.0,-1.0,0,0,0.0
18.0,2.0,6.0,2.0,7.0,1.0,-1.0,0,0,0.0
10.0,1.0,6.0,2.0,1.0,2.0,-1.0,0,0,0.0
14.0,1.0,6.0,2.0,6.0,1.0,-1.0,0,0,0.0
12.0,2.0,6.0,2.0,7.0,1.0,-1.0,0,0,0.0
14.0,1.0,6.0,2.0,7.0,1.0,-1.0,0,0,0.0
15.0,2.0,6.0,2.0,3.0,1.0,-1.0,0,0,0.0
14.0,2.0,27.0,2.0,3.0,2.0,-1.0,0,0,0.0
10.0,1.0,6.0,2.0,8.0,1.0,-1.0,0,0,0.0
10.0,1.0,6.0,2.0,7.0,1.0,-1.0,0,0,0.0
18.0,1.0,6.0,2.0,2.0,1.0,-1.0,0,0,0.0
11.0,1.0,6.0,2.0,4.0,1.0,-1.0,0,0,0.0
6.0,2.0,6.0,2.0,7.0,1.0,-1.0,0,0,0.0
7.0,1.0,27.0,2.0,5.0,2.0,-1.0,0,0,0.0
9.0,1.0,6.0,2.0,7.0,1.0,-1.0,0,0,0.0
10.0,2.0,6.0,2.0,6.0,1.0,-1.0,0,0,0.0
17.0,2.0,6.0,2.0,1.0,2.0,-1.0,0,0,0.0
6.0,1.0,6.0,2.0,7.0,2.0,-1.0,0,0,0.0
6.0,1.0,6.0,2.0,6.0,2.0,-1.0,0,0,0.0
7.0,1.0,6.0,1.0,2.0,1.0,-1.0,0,0,0.0
18.0,1.0,6.0,2.0,1.0,1.0,-1.0,0,0,0.0
7.0,2.0,6.0,2.0,3.0,1.0,-1.0,0,0,0.0
17.0,1.0,6.0,2.0,4.0,1.0,-1.0,0,0,0.0
11.0,2.0,6.0,2.0,5.0,1.0,-1.0,0,0,0.0
9.0,1.0,6.0,2.0,7.0,1.0,-1.0,0,0,0.0
18.0,2.0,6.0,1.0,2.0,1.0,-1.0,0,0,0.0
18.0,2.0,6.0,1.0,2.0,1.0,-1.0,0,0,0.0
14.0,1.0,6.0,2.0,7.0,1.0,-1.0,0,0,0.0
10.0,2.0,6.0,2.0,7.0,1.0,-1.0,0,0,0.0
17.0,1.0,6.0,2.0,2.0,1.0,5.0,1,1,0.99
7.0,1.0,6.0,2.0,2.0,1.0,-1.0,0,0,0.0
11.0,2.0,6.0,2.0,2.0,1.0,-1.0,0,0,0.0
9.0,1.0,6.0,2.0,7.0,1.0,-1.0,0,0,0.0
6.0,1.0,6.0,2.0,7.0,1.0,-1.0,0,0,0.0
6.0,1.0,6.0,2.0,2.0,1.0,-1.0,0,0,0.0
7.0,1.0,6.0,2.0,3.0,1.0,-1.0,0,0,0.0
6.0,2.0,6.0,2.0,4.0,1.0,-1.0,0,0,0.0
11.0,1.0,6.0,2.0,7.0,2.0,-1.0,0,0,0.0
15.0,2.0,6.0,2.0,7.0,1.0,-1.0,0,0,0.0
15.0,1.0,6.0,2.0,7.0,1.0,-1.0,0,0,0.0
13.0,2.0,6.0,2.0,2.0,1.0,-1.0,0,0,0.0
13.0,2.0,6.0,2.0,8.0,2.0,-1.0,0,0,0.0
15.0,1.0,6.0,2.0,2.0,1.0,-1.0,0,0,0.0
15.0,2.0,6.0,2.0,3.0,1.0,-1.0,0,0,0.0
9.0,1.0,6.0,2.0,7.0,1.0,-1.0,0,0,0.0
7.0,1.0,6.0,2.0,7.0,1.0,-1.0,0,0,0.0
16.0,2.0,6.0,2.0,4.0,2.0,-1.0,0,0,0.0
16.0,1.0,6.0,1.0,2.0,2.0,-1.0,0,0,0.0
12.0,1.0,6.0,2.0,9.0,2.0,-1.0,0,0,0.0
12.0,2.0,6.0,2.0,7.0,1.0,-1.0,0,0,0.0
16.0,2.0,6.0,2.0,4.0,1.0,-1.0,0,0,0.0
16.0,2.0,6.0,1.0,2.0,1.0,-1.0,0,0,0.0
7.0,2.0,6.0,2.0,2.0,1.0,-1.0,0,0,0.0
10.0,1.0,6.0,2.0,2.0,1.0,-1.0,0,0,0.0
13.0,1.0,27.0,2.0,3.0,2.0,-1.0,0,0,0.0
9.0,1.0,6.0,2.0,5.0,1.0,-1.0,0,0,0.0
10.0,1.0,6.0,2.0,7.0,1.0,-1.0,0,0,0.0
9.0,2.0,6.0,2.0,7.0,1.0,-1.0,0,0,0.0
6.0,2.0,6.0,2.0,4.0,2.0,-1.0,0,0,0.0
14.0,1.0,6.0,2.0,2.0,1.0,-1.0,0,0,0.0
14.0,2.0,6.0,2.0,2.0,1.0,-1.0,0,0,0.0
15.0,2.0,6.0,2.0,1.0,2.0,6.0,1,1,0.9833
14.0,2.0,6.0,1.0,3.0,1.0,-1.0,0,0,0.0
17.0,1.0,6.0,2.0,7.0,1.0,-1.0,0,0,0.0
11.0,1.0,6.0,1.0,4.0,1.0,-1.0,0,0,0.0
14.0,2.0,6.0,2.0,3.0,1.0,-1.0,0,0,0.0
10.0,1.0,6.0,2.0,6.0,1.0,-1.0,0,0,0.0
7.0,1.0,6.0,2.0,3.0,1.0,-1.0,0,0,0.0
14.0,2.0,27.0,2.0,1.0,2.0,-1.0,0,0,0.01
18.0,2.0,6.0,2.0,7.0,2.0,4.0,1,1,0.9733
8.0,2.0,6.0,2.0,2.0,1.0,-1.0,0,0,0.0
6.0,1.0,6.0,2.0,5.0,1.0,-1.0,0,0,0.0
9.0,2.0,6.0,2.0,4.0,1.0,-1.0,0,0,0.0
18.0,2.0,6.0,2.0,1.0,1.0,-1.0,0,0,0.0
9.0,2.0,6.0,1.0,2.0,1.0,-1.0,0,0,0.0
11.0,2.0,6.0,2.0,5.0,2.0,-1.0,0,0,0.0
11.0,1.0,6.0,2.0,6.0,1.0,-1.0,0,0,0.0
13.0,2.0,6.0,2.0,7.0,1.0,-1.0,0,0,0.0
9.0,1.0,6.0,2.0,3.0,1.0,-1.0,0,0,0.0
18.0,1.0,6.0,1.0,8.0,1.0,-1.0,0,0,0.0067
7.0,1.0,6.0,2.0,8.0,1.0,-1.0,0,0,0.0
13.0,2.0,6.0,2.0,9.0,1.0,-1.0,0,0,0.0
11.0,2.0,6.0,2.0,6.0,1.0,-1.0,0,0,0.0
11.0,1.0,6.0,2.0,3.0,1.0,-1.0,0,0,0.0
17.0,1.0,6.0,2.0,6.0,1.0,-1.0,0,0,0.0
17.0,1.0,6.0,2.0,4.0,1.0,-1.0,0,0,0.0
16.0,1.0,6.0,2.0,7.0,1.0,-1.0,0,0,0.0
15.0,2.0,6.0,2.0,7.0,1.0,-1.0,0,0,0.0
8.0,2.0,6.0,2.0,2.0,1.0,-1.0,0,0,0.0
11.0,1.0,6.0,2.0,3.0,1.0,-1.0,0,0,0.0
16.0,2.0,6.0,2.0,6.0,1.0,-1.0,0,0,0.0
17.0,1.0,6.0,1.0,8.0,1.0,-1.0,0,0,0.0
13.0,2.0,6.0,2.0,3.0,1.0,-1.0,0,0,0.0
17.0,2.0,6.0,2.0,7.0,1.0,-1.0,0,0,0.0
18.0,2.0,6.0,2.0,9.0,1.0,-1.0,0,0,0.0
12.0,1.0,6.0,2.0,8.0,1.0,-1.0,0,0,0.0
13.0,1.0,6.0,2.0,3.0,1.0,-1.0,0,0,0.0
14.0,2.0,6.0,2.0,5.0,2.0,-1.0,0,0,0.0
9.0,1.0,6.0,2.0,7.0,1.0,-1.0,0,0,0.0
7.0,2.0,6.0,2.0,3.0,2.0,-1.0,0,0,0.0
9.0,2.0,6.0,2.0,3.0,1.0,-1.0,0,0,0.0
11.0,2.0,6.0,2.0,3.0,1.0,-1.0,0,0,0.0
18.0,2.0,6.0,2.0,3.0,1.0,-1.0,0,0,0.0
7.0,1.0,6.0,1.0,2.0,1.0,-1.0,0,0,0.0
12.0,2.0,6.0,2.0,8.0,1.0,-1.0,0,0,0.0
8.0,1.0,6.0,2.0,8.0,1.0,-1.0,0,0,0.0
10.0,1.0,6.0,2.0,7.0,1.0,-1.0,0,0,0.0
13.0,1.0,6.0,2.0,6.0,1.0,-1.0,0,0,0.0
9.0,2.0,6.0,2.0,2.0,1.0,-1.0,0,0,0.0
12.0,1.0,6.0,2.0,7.0,1.0,-1.0,0,0,0.0
9.0,1.0,6.0,2.0,7.0,1.0,-1.0,0,0,0.0
10.0,1.0,6.0,2.0,6.0,1.0,-1.0,0,0,0.0
16.0,1.0,6.0,1.0,4.0,2.0,-1.0,0,0,0.0
10.0,1.0,6.0,2.0,8.0,2.0,-1.0,0,0,0.0
14.0,2.0,41.0,2.0,7.0,2.0,4.0,1,1,0.9867
6.0,2.0,6.0,2.0,7.0,1.0,-1.0,0,0,0.0
15.0,1.0,6.0,2.0,2.0,1.0,-1.0,0,0,0.0
11.0,2.0,6.0,2.0,2.0,1.0,-1.0,0,0,0.0
6.0,2.0,6.0,2.0,2.0,1.0,-1.0,0,0,0.0
11.0,1.0,6.0,2.0,2.0,1.0,-1.0,0,0,0.0
11.0,1.0,6.0,2.0,9.0,1.0,-1.0,0,0,0.0
7.0,2.0,6.0,2.0,3.0,2.0,-1.0,0,0,0.0
10.0,1.0,6.0,2.0,6.0,2.0,-1.0,0,0,0.0
13.0,2.0,6.0,2.0,4.0,1.0,-1.0,0,0,0.0
11.0,1.0,6.0,2.0,2.0,1.0,-1.0,0,0,0.0
8.0,2.0,6.0,2.0,7.0,1.0,-1.0,0,0,0.0
12.0,2.0,6.0,2.0,6.0,1.0,-1.0,0,0,0.0
10.0,1.0,6.0,2.0,7.0,1.0,-1.0,0,0,0.0
11.0,2.0,6.0,2.0,3.0,2.0,-1.0,0,0,0.0
14.0,1.0,6.0,2.0,7.0,1.0,-1.0,0,0,0.0
10.0,2.0,6.0,2.0,9.0,1.0,-1.0,0,0,0.0
16.0,2.0,6.0,2.0,9.0,1.0,-1.0,0,0,0.0
6.0,2.0,6.0,2.0,2.0,1.0,-1.0,0,0,0.0
18.0,1.0,6.0,2.0,1.0,1.0,-1.0,0,0,0.0
8.0,1.0,6.0,1.0,2.0,1.0,-1.0,0,0,0.0
10.0,1.0,6.0,2.0,4.0,2.0,-1.0,0,0,0.0
13.0,2.0,6.0,2.0,9.0,2.0,-1.0,0,0,0.0
9.0,1.0,6.0,2.0,5.0,1.0,-1.0,0,0,0.0
17.0,2.0,6.0,2.0,2.0,1.0,-1.0,0,0,0.0
18.0,2.0,6.0,2.0,7.0,1.0,-1.0,0,0,0.0
10.0,1.0,6.0,2.0,3.0,1.0,-1.0,0,0,0.0
16.0,1.0,6.0,2.0,5.0,2.0,-1.0,0,0,0.0133
16.0,1.0,6.0,2.0,7.0,1.0,-1.0,0,0,0.0
13.0,1.0,6.0,2.0,9.0,2.0,-1.0,0,0,0.0
14.0,2.0,6.0,2.0,8.0,1.0,-1.0,0,0,0.0
15.0,1.0,6.0,2.0,2.0,1.0,-1.0,0,0,0.0
6.0,1.0,6.0,2.0,4.0,2.0,-1.0,0,0,0.0
11.0,1.0,6.0,2.0,7.0,1.0,-1.0,0,0,0.0
18.0,2.0,6.0,2.0,4.0,1.0,-1.0,0,0,0.0
6.0,2.0,6.0,2.0,2.0,2.0,-1.0,0,0,0.0
7.0,1.0,6.0,2.0,2.0,2.0,-1.0,0,0,0.0
8.0,1.0,6.0,2.0,4.0,2.0,-1.0,0,0,0.0
7.0,1.0,6.0,2.0,2.0,1.0,-1.0,0,0,0.0
15.0,2.0,6.0,2.0,3.0,1.0,-1.0,0,0,0.0
13.0,1.0,6.0,2.0,1.0,1.0,-1.0,0,0,0.0
14.0,1.0,6.0,2.0,2.0,1.0,-1.0,0,0,0.0
8.0,1.0,6.0,2.0,8.0,2.0,-1.0,0,0,0.0
11.0,2.0,6.0,2.0,5.0,1.0,-1.0,0,0,0.0
14.0,1.0,6.0,2.0,6.0,2.0,-1.0,0,0,0.0033
14.0,2.0,6.0,2.0,1.0,2.0,-1.0,0,0,0.0
17.0,2.0,6.0,2.0,3.0,1.0,-1.0,0,0,0.0
16.0,2.0,6.0,2.0,9.0,2.0,-1.0,0,0,0.0
9.0,1.0,6.0,2.0,5.0,2.0,-1.0,0,0,0.0
15.0,1.0,6.0,2.0,5.0,2.0,-1.0,0,0,0.0
14.0,1.0,6.0,2.0,2.0,1.0,-1.0,0,0,0.0
9.0,1.0,6.0,2.0,7.0,1.0,-1.0,0,0,0.0
9.0,1.0,6.0,2.0,2.0,1.0,-1.0,0,0,0.0
14.0,1.0,27.0,2.0,3.0,2.0,-1.0,0,0,0.0
11.0,2.0,6.0,2.0,3.0,1.0,-1.0,0,0,0.0
18.0,1.0,6.0,2.0,8.0,1.0,-1.0,0,0,0.0
10.0,1.0,6.0,2.0,8.0,1.0,-1.0,0,0,0.0
15.0,2.0,6.0,2.0,6.0,1.0,-1.0,0,0,0.0
17.0,2.0,6.0,2.0,7.0,1.0,-1.0,0,0,0.0
13.0,1.0,6.0,2.0,2.0,1.0,-1.0,0,0,0.0
16.0,1.0,6.0,2.0,3.0,1.0,-1.0,0,0,0.0
7.0,1.0,6.0,2.0,2.0,1.0,-1.0,0,0,0.0
10.0,2.0,2.0,2.0,4.0,2.0,-1.0,0,0,0.0033
16.0,1.0,6.0,2.0,2.0,1.0,-1.0,0,0,0.0
9.0,2.0,6.0,2.0,7.0,1.0,-1.0,0,0,0.0
14.0,2.0,6.0,2.0,2.0,1.0,-1.0,0,0,0.0
12.0,1.0,6.0,2.0,3.0,1.0,-1.0,0,0,0.0
16.0,1.0,6.0,2.0,2.0,1.0,-1.0,0,0,0.0
10.0,2.0,6.0,2.0,4.0,1.0,-1.0,0,0,0.0
6.0,2.0,6.0,2.0,6.0,2.0,-1.0,0,0,0.0
7.0,2.0,6.0,2.0,5.0,1.0,-1.0,0,0,0.0
9.0,1.0,6.0,2.0,5.0,2.0,-1.0,0,0,0.0
9.0,2.0,6.0,2.0,7.0,1.0,-1.0,0,0,0.0
9.0,2.0,6.0,2.0,3.0,1.0,-1.0,0,0,0.0
11.0,1.0,6.0,2.0,7.0,1.0,-1.0,0,0,0.0
18.0,1.0,6.0,2.0,8.0,1.0,-1.0,0,0,0.0
16.0,1.0,6.0,1.0,2.0,2.0,-1.0,0,0,0.0
6.0,1.0,6.0,2.0,5.0,1.0,-1.0,0,0,0.0
15.0,1.0,6.0,2.0,7.0,1.0,-1.0,0,0,0.0
18.0,2.0,6.0,2.0,7.0,1.0,-1.0,0,0,0.0
16.0,1.0,6.0,2.0,7.0,1.0,6.0,1,1,1.0
8.0,1.0,6.0,2.0,2.0,1.0,-1.0,0,0,0.0
10.0,1.0,6.0,2.0,8.0,1.0,-1.0,0,0,0.0
14.0,2.0,6.0,2.0,3.0,1.0,-1.0,0,0,0.0
17.0,1.0,6.0,2.0,8.0,1.0,-1.0,0,0,0.0
14.0,2.0,6.0,2.0,3.0,1.0,-1.0,0,0,0.0
11.0,1.0,6.0,2.0,1.0,1.0,-1.0,0,0,0.0
11.0,1.0,6.0,2.0,8.0,2.0,-1.0,0,0,0.0
8.0,1.0,6.0,2.0,2.0,1.0,-1.0,0,0,0.0
10.0,1.0,6.0,2.0,7.0,1.0,-1.0,0,0,0.0
13.0,1.0,6.0,1.0,2.0,2.0,-1.0,0,0,0.0
9.0,2.0,6.0,2.0,2.0,1.0,-1.0,0,0,0.0
6.0,1.0,6.0,2.0,1.0,1.0,-1.0,0,0,0.0
16.0,1.0,6.0,2.0,7.0,1.0,-1.0,0,0,0.0
11.0,1.0,6.0,2.0,2.0,2.0,-1.0,0,0,0.0
11.0,1.0,27.0,1.0,1.0,2.0,-1.0,0,0,0.0
15.0,1.0,6.0,2.0,6.0,2.0,4.0,1,1,0.97
8.0,2.0,27.0,2.0,1.0,2.0,-1.0,0,0,0.0
14.0,1.0,6.0,2.0,3.0,1.0,-1.0,0,0,0.0
7.0,2.0,6.0,1.0,2.0,2.0,-1.0,0,0,0.0
8.0,1.0,6.0,2.0,9.0,1.0,-1.0,0,0,0.0
16.0,2.0,6.0,2.0,2.0,1.0,-1.0,0,0,0.0
8.0,2.0,6.0,2.0,2.0,1.0,-1.0,0,0,0.0
15.0,2.0,27.0,2.0,5.0,2.0,-1.0,0,0,0.0
10.0,2.0,6.0,2.0,3.0,1.0,-1.0,0,0,0.0
17.0,1.0,6.0,2.0,3.0,1.0,-1.0,0,0,0.0
6.0,2.0,6.0,2.0,6.0,2.0,-1.0,0,0,0.0
15.0,1.0,6.0,2.0,3.0,1.0,-1.0,0,0,0.0
9.0,2.0,6.0,2.0,5.0,1.0,-1.0,0,0,0.0
15.0,1.0,6.0,2.0,2.0,1.0,-1.0,0,0,0.0
8.0,1.0,6.0,2.0,7.0,1.0,-1.0,0,0,0.0
15.0,2.0,6.0,2.0,3.0,1.0,-1.0,0,0,0.0
15.0,2.0,6.0,2.0,8.0,1.0,-1.0,0,0,0.0
15.0,1.0,6.0,2.0,2.0,1.0,-1.0,0,0,0.0
13.0,2.0,6.0,2.0,3.0,2.0,-1.0,0,0,0.0
11.0,2.0,41.0,2.0,7.0,2.0,-1.0,0,0,0.0033
14.0,1.0,6.0,2.0,7.0,1.0,-1.0,0,0,0.0
15.0,1.0,6.0,2.0,7.0,1.0,-1.0,0,0,0.0
16.0,2.0,6.0,2.0,9.0,2.0,-1.0,0,0,0.0
12.0,2.0,6.0,2.0,7.0,1.0,-1.0,0,0,0.0
14.0,1.0,6.0,2.0,2.0,1.0,-1.0,0,0,0.0
11.0,2.0,6.0,2.0,8.0,1.0,-1.0,0,0,0.0
14.0,1.0,6.0,2.0,2.0,1.0,-1.0,0,0,0.0
14.0,1.0,6.0,2.0,8.0,1.0,-1.0,0,0,0.0
15.0,2.0,6.0,2.0,4.0,1.0,-1.0,0,0,0.0
7.0,2.0,6.0,2.0,2.0,1.0,-1.0,0,0,0.0
13.0,2.0,6.0,2.0,9.0,2.0,-1.0,0,0,0.0
14.0,1.0,11.0,1.0,9.0,2.0,-1.0,0,0,0.0
13.0,2.0,6.0,2.0,3.0,1.0,-1.0,0,0,0.0
12.0,1.0,6.0,2.0,4.0,1.0,-1.0,0,0,0.0
9.0,1.0,6.0,2.0,3.0,1.0,-1.0,0,0,0.0
17.0,1.0,6.0,1.0,2.0,1.0,-1.0,0,0,0.0
10.0,1.0,6.0,2.0,7.0,1.0,-1.0,0,0,0.0
16.0,2.0,6.0,2.0,7.0,1.0,-1.0,0,0,0.0
15.0,1.0,6.0,2.0,3.0,1.0,-1.0,0,0,0.0
8.0,1.0,6.0,2.0,7.0,1.0,-1.0,0,0,0.0
13.0,2.0,6.0,2.0,7.0,1.0,-1.0,0,0,0.0
11.0,1.0,6.0,2.0,3.0,1.0,-1.0,0,0,0.0
11.0,1.0,6.0,2.0,8.0,1.0,-1.0,0,0,0.0
9.0,2.0,6.0,2.0,9.0,1.0,-1.0,0,0,0.0
6.0,2.0,6.0,2.0,4.0,1.0,-1.0,0,0,0.0
7.0,1.0,6.0,2.0,1.0,1.0,-1.0,0,0,0.0
11.0,2.0,6.0,2.0,9.0,1.0,-1.0,0,0,0.0
11.0,1.0,6.0,1.0,2.0,1.0,-1.0,0,0,0.0
12.0,1.0,6.0,2.0,3.0,1.0,-1.0,0,0,0.0
11.0,2.0,6.0,2.0,9.0,2.0,-1.0,0,0,0.0
13.0,1.0,6.0,2.0,5.0,2.0,-1.0,0,0,0.0
13.0,1.0,6.0,2.0,3.0,1.0,-1.0,0,0,0.0
16.0,1.0,6.0,2.0,7.0,1.0,2.0,1,1,0.99
18.0,1.0,6.0,2.0,5.0,2.0,6.0,1,1,0.9767
6.0,1.0,6.0,2.0,2.0,2.0,-1.0,0,0,0.0
9.0,1.0,27.0,2.0,3.0,2.0,-1.0,0,0,0.0
13.0,2.0,6.0,2.0,6.0,1.0,-1.0,0,0,0.0
12.0,2.0,6.0,2.0,5.0,1.0,-1.0,0,0,0.0
10.0,2.0,6.0,2.0,3.0,1.0,-1.0,0,0,0.0
8.0,2.0,6.0,2.0,9.0,1.0,-1.0,0,0,0.0
16.0,2.0,6.0,2.0,7.0,1.0,-1.0,0,0,0.0
7.0,2.0,6.0,2.0,7.0,1.0,-1.0,0,0,0.0
10.0,1.0,6.0,2.0,7.0,1.0,-1.0,0,0,0.0
18.0,2.0,6.0,2.0,7.0,1.0,-1.0,0,0,0.0
11.0,1.0,6.0,1.0,2.0,1.0,-1.0,0,0,0.0
11.0,2.0,6.0,2.0,7.0,1.0,-1.0,0,0,0.0
16.0,2.0,6.0,2.0,7.0,1.0,-1.0,0,0,0.0
6.0,2.0,6.0,2.0,3.0,1.0,-1.0,0,0,0.0
12.0,2.0,6.0,2.0,1.0,2.0,-1.0,0,0,0.0
15.0,1.0,6.0,2.0,2.0,1.0,-1.0,0,0,0.0
16.0,2.0,6.0,2.0,1.0,1.0,-1.0,0,0,0.0
8.0,1.0,6.0,1.0,7.0,1.0,-1.0,0,0,0.0
16.0,1.0,6.0,2.0,2.0,2.0,-1.0,0,0,0.0
8.0,1.0,6.0,2.0,2.0,1.0,-1.0,0,0,0.0
15.0,1.0,6.0,2.0,4.0,1.0,-1.0,0,0,0.0
18.0,1.0,6.0,2.0,6.0,2.0,8.0,1,1,1.0
14.0,1.0,6.0,2.0,3.0,1.0,-1.0,0,0,0.0
13.0,2.0,6.0,2.0,3.0,1.0,-1.0,0,0,0.0
14.0,2.0,27.0,1.0,3.0,2.0,-1.0,0,0,0.0033
14.0,2.0,6.0,2.0,7.0,1.0,-1.0,0,0,0.0
11.0,1.0,6.0,2.0,7.0,2.0,-1.0,0,0,0.0
17.0,2.0,6.0,2.0,2.0,1.0,-1.0,0,0,0.0
15.0,1.0,6.0,1.0,6.0,2.0,-1.0,0,0,0.0
15.0,2.0,6.0,2.0,2.0,1.0,-1.0,0,0,0.0
14.0,1.0,6.0,2.0,7.0,1.0,-1.0,0,0,0.0
14.0,2.0,6.0,2.0,2.0,1.0,-1.0,0,0,0.0
9.0,2.0,6.0,2.0,4.0,1.0,-1.0,0,0,0.0
8.0,2.0,6.0,2.0,1.0,1.0,-1.0,0,0,0.0
13.0,1.0,6.0,2.0,2.0,1.0,-1.0,0,0,0.0
14.0,2.0,6.0,2.0,5.0,1.0,-1.0,0,0,0.0
8.0,2.0,6.0,2.0,6.0,2.0,-1.0,0,0,0.0
11.0,2.0,6.0,2.0,8.0,2.0,-1.0,0,0,0.0
14.0,2.0,6.0,2.0,2.0,1.0,-1.0,0,0,0.0
11.0,2.0,6.0,2.0,2.0,1.0,-1.0,0,0,0.0
9.0,2.0,6.0,2.0,6.0,1.0,-1.0,0,0,0.0
11.0,2.0,6.0,2.0,2.0,1.0,-1.0,0,0,0.0
7.0,2.0,6.0,2.0,1.0,2.0,-1.0,0,0,0.0
16.0,2.0,27.0,2.0,3.0,1.0,-1.0,0,0,0.0
17.0,1.0,6.0,2.0,2.0,1.0,-1.0,0,0,0.0
10.0,1.0,6.0,2.0,5.0,1.0,-1.0,0,0,0.0
18.0,1.0,6.0,2.0,4.0,2.0,-1.0,0,0,0.01
18.0,1.0,6.0,2.0,9.0,2.0,-1.0,0,0,0.01
14.0,2.0,6.0,1.0,2.0,2.0,-1.0,0,0,0.0
11.0,1.0,6.0,2.0,9.0,2.0,-1.0,0,0,0.0
16.0,1.0,6.0,2.0,7.0,1.0,-1.0,0,0,0.0
18.0,2.0,6.0,2.0,2.0,2.0,-1.0,0,0,0.0
13.0,2.0,6.0,2.0,7.0,1.0,-1.0,0,0,0.0
17.0,2.0,6.0,2.0,2.0,1.0,-1.0,0,0,0.0
15.0,2.0,6.0,2.0,2.0,1.0,-1.0,0,0,0.0
8.0,1.0,41.0,2.0,7.0,2.0,-1.0,0,0,0.0
14.0,2.0,6.0,2.0,4.0,1.0,-1.0,0,0,0.0
6.0,1.0,6.0,2.0,8.0,2.0,8.0,1,1,0.9233
11.0,2.0,6.0,2.0,9.0,1.0,-1.0,0,0,0.0
13.0,1.0,6.0,1.0,4.0,2.0,-1.0,0,0,0.0
13.0,1.0,6.0,2.0,2.0,2.0,-1.0,0,0,0.0
9.0,2.0,6.0,2.0,5.0,1.0,-1.0,0,0,0.0
8.0,2.0,6.0,2.0,7.0,1.0,-1.0,0,0,0.0
18.0,1.0,6.0,2.0,7.0,1.0,-1.0,0,0,0.0
11.0,1.0,6.0,2.0,2.0,1.0,-1.0,0,0,0.0
17.0,1.0,6.0,2.0,7.0,1.0,-1.0,0,0,0.0
15.0,2.0,6.0,2.0,5.0,1.0,-1.0,0,0,0.0
10.0,2.0,6.0,1.0,5.0,2.0,-1.0,0,0,0.0
14.0,1.0,27.0,2.0,3.0,2.0,-1.0,0,0,0.0
17.0,1.0,995.0,2.0,7.0,1.0,-1.0,0,0,0.0967
10.0,1.0,6.0,2.0,6.0,1.0,-1.0,0,0,0.0
7.0,1.0,6.0,2.0,2.0,2.0,-1.0,0,0,0.0
15.0,1.0,6.0,2.0,2.0,1.0,-1.0,0,0,0.0
6.0,2.0,6.0,2.0,3.0,1.0,-1.0,0,0,0.0
16.0,1.0,6.0,2.0,2.0,1.0,-1.0,0,0,0.0
12.0,1.0,6.0,2.0,3.0,1.0,-1.0,0,0,0.0
15.0,1.0,6.0,2.0,7.0,1.0,-1.0,0,0,0.0
14.0,1.0,6.0,2.0,3.0,1.0,-1.0,0,0,0.0
13.0,2.0,6.0,2.0,7.0,1.0,-1.0,0,0,0.0
18.0,2.0,6.0,2.0,2.0,1.0,-1.0,0,0,0.0
15.0,1.0,6.0,2.0,7.0,1.0,-1.0,0,0,0.0
10.0,2.0,6.0,2.0,2.0,1.0,-1.0,0,0,0.0
8.0,1.0,6.0,2.0,4.0,1.0,-1.0,0,0,0.0
17.0,2.0,6.0,1.0,2.0,1.0,-1.0,0,0,0.0
17.0,2.0,6.0,2.0,7.0,1.0,-1.0,0,0,0.0
9.0,2.0,6.0,2.0,3.0,1.0,-1.0,0,0,0.0
18.0,1.0,6.0,2.0,3.0,1.0,-1.0,0,0,0.0
9.0,1.0,6.0,2.0,7.0,2.0,-1.0,0,0,0.0
15.0,1.0,6.0,2.0,8.0,1.0,-1.0,0,0,0.0
12.0,1.0,6.0,2.0,6.0,1.0,-1.0,0,0,0.0
8.0,1.0,6.0,2.0,3.0,1.0,-1.0,0,0,0.0
9.0,1.0,27.0,2.0,4.0,1.0,-1.0,0,0,0.0
6.0,2.0,6.0,2.0,3.0,1.0,-1.0,0,0,0.0
16.0,1.0,6.0,2.0,7.0,1.0,-1.0,0,0,0.0
16.0,1.0,6.0,2.0,7.0,1.0,-1.0,0,0,0.0
17.0,2.0,6.0,2.0,1.0,1.0,-1.0,0,0,0.0
13.0,1.0,6.0,2.0,7.0,1.0,-1.0,0,0,0.0
13.0,1.0,6.0,2.0,3.0,1.0,-1.0,0,0,0.0
8.0,1.0,6.0,2.0,8.0,1.0,-1.0,0,0,0.0
6.0,2.0,6.0,2.0,7.0,1.0,-1.0,0,0,0.0
14.0,1.0,6.0,2.0,9.0,2.0,-1.0,0,0,0.0
15.0,2.0,6.0,2.0,2.0,1.0,-1.0,0,0,0.0
6.0,2.0,6.0,2.0,3.0,1.0,-1.0,0,0,0.0
8.0,2.0,6.0,1.0,3.0,2.0,-1.0,0,0,0.0
11.0,2.0,6.0,2.0,2.0,1.0,-1.0,0,0,0.0
17.0,2.0,6.0,2.0,8.0,1.0,-1.0,0,0,0.0
14.0,2.0,6.0,2.0,9.0,2.0,-1.0,0,0,0.0
11.0,1.0,6.0,2.0,4.0,1.0,-1.0,0,0,0.0
13.0,1.0,6.0,2.0,7.0,1.0,-1.0,0,0,0.0
9.0,1.0,6.0,2.0,9.0,2.0,-1.0,0,0,0.0
16.0,2.0,6.0,2.0,2.0,1.0,-1.0,0,0,0.0
9.0,2.0,6.0,2.0,8.0,1.0,-1.0,0,0,0.0
14.0,2.0,6.0,2.0,6.0,1.0,-1.0,0,0,0.0
11.0,2.0,6.0,2.0,6.0,1.0,-1.0,0,0,0.0
9.0,1.0,6.0,2.0,9.0,2.0,-1.0,0,0,0.0
8.0,1.0,6.0,2.0,7.0,1.0,-1.0,0,0,0.0
15.0,2.0,6.0,2.0,6.0,1.0,-1.0,0,0,0.0
14.0,1.0,6.0,2.0,3.0,1.0,-1.0,0,0,0.0
11.0,1.0,6.0,2.0,1.0,1.0,-1.0,0,0,0.0
6.0,2.0,6.0,2.0,8.0,1.0,-1.0,0,0,0.0
16.0,2.0,6.0,2.0,1.0,2.0,-1.0,0,0,0.0
11.0,1.0,6.0,2.0,2.0,1.0,-1.0,0,0,0.0
13.0,1.0,6.0,2.0,9.0,2.0,-1.0,0,0,0.0
11.0,1.0,6.0,2.0,9.0,2.0,-1.0,0,0,0.0
10.0,2.0,6.0,2.0,8.0,1.0,-1.0,0,0,0.0
12.0,2.0,6.0,2.0,7.0,1.0,-1.0,0,0,0.0
9.0,1.0,6.0,2.0,1.0,1.0,-1.0,0,0,0.0
8.0,2.0,6.0,2.0,7.0,1.0,-1.0,0,0,0.0
6.0,2.0,27.0,2.0,1.0,2.0,-1.0,0,0,0.0
10.0,1.0,6.0,2.0,1.0,1.0,-1.0,0,0,0.0
15.0,1.0,6.0,1.0,7.0,2.0,-1.0,0,0,0.0
18.0,1.0,6.0,2.0,7.0,1.0,-1.0,0,0,0.0
7.0,1.0,6.0,2.0,8.0,2.0,-1.0,0,0,0.0
18.0,1.0,6.0,2.0,8.0,2.0,-1.0,0,0,0.0267
10.0,2.0,6.0,2.0,2.0,1.0,-1.0,0,0,0.0
8.0,2.0,6.0,2.0,2.0,1.0,-1.0,0,0,0.0
16.0,2.0,6.0,1.0,2.0,2.0,-1.0,0,0,0.0
14.0,2.0,6.0,2.0,7.0,1.0,-1.0,0,0,0.0
12.0,2.0,6.0,2.0,1.0,1.0,-1.0,0,0,0.0
13.0,2.0,6.0,2.0,7.0,1.0,-1.0,0,0,0.0
17.0,1.0,6.0,2.0,8.0,2.0,6.0,1,1,0.98
15.0,1.0,6.0,2.0,8.0,1.0,-1.0,0,0,0.0
15.0,2.0,6.0,2.0,8.0,2.0,-1.0,0,0,0.0
6.0,1.0,6.0,1.0,5.0,1.0,-1.0,0,0,0.0
15.0,1.0,6.0,2.0,9.0,1.0,-1.0,0,0,0.0
13.0,1.0,6.0,1.0,2.0,1.0,-1.0,0,0,0.0
11.0,1.0,6.0,2.0,3.0,1.0,-1.0,0,0,0.0
11.0,1.0,6.0,2.0,7.0,1.0,-1.0,0,0,0.0
16.0,1.0,6.0,2.0,7.0,2.0,-1.0,0,0,0.0
14.0,1.0,6.0,2.0,6.0,1.0,-1.0,0,0,0.0
6.0,1.0,27.0,2.0,1.0,2.0,5.0,1,1,0.8567
17.0,1.0,6.0,2.0,9.0,2.0,-1.0,0,0,0.0
13.0,1.0,27.0,1.0,1.0,2.0,-1.0,0,0,0.0033
13.0,2.0,6.0,2.0,8.0,2.0,-1.0,0,0,0.0
7.0,2.0,6.0,2.0,4.0,1.0,-1.0,0,0,0.0
12.0,1.0,6.0,2.0,2.0,1.0,-1.0,0,0,0.0
9.0,1.0,6.0,2.0,2.0,1.0,-1.0,0,0,0.0
15.0,2.0,6.0,1.0,3.0,1.0,-1.0,0,0,0.0
8.0,2.0,6.0,2.0,3.0,1.0,-1.0,0,0,0.0
15.0,1.0,6.0,2.0,8.0,1.0,-1.0,0,0,0.0
18.0,1.0,6.0,2.0,7.0,1.0,6.0,1,1,1.0
15.0,2.0,6.0,2.0,7.0,1.0,-1.0,0,0,0.0
16.0,1.0,6.0,2.0,7.0,1.0,-1.0,0,0,0.0
13.0,1.0,6.0,2.0,1.0,1.0,-1.0,0,0,0.0
10.0,2.0,6.0,2.0,7.0,1.0,-1.0,0,0,0.0
12.0,1.0,6.0,2.0,3.0,1.0,-1.0,0,0,0.0
16.0,2.0,6.0,2.0,8.0,1.0,-1.0,0,0,0.0
7.0,2.0,6.0,2.0,8.0,2.0,-1.0,0,0,0.0
6.0,1.0,6.0,2.0,8.0,1.0,-1.0,0,0,0.0
8.0,1.0,6.0,2.0,8.0,1.0,-1.0,0,0,0.0
7.0,1.0,6.0,2.0,8.0,1.0,-1.0,0,0,0.0
16.0,1.0,6.0,2.0,2.0,1.0,-1.0,0,0,0.0
14.0,1.0,6.0,2.0,5.0,2.0,-1.0,0,0,0.0
9.0,1.0,6.0,2.0,2.0,1.0,-1.0,0,0,0.0
18.0,2.0,6.0,2.0,3.0,2.0,-1.0,0,0,0.0
10.0,2.0,6.0,2.0,3.0,1.0,-1.0,0,0,0.0
7.0,2.0,6.0,2.0,4.0,2.0,-1.0,0,0,0.0
11.0,1.0,6.0,2.0,3.0,1.0,-1.0,0,0,0.0
13.0,1.0,41.0,2.0,7.0,2.0,-1.0,0,0,0.0733
14.0,1.0,6.0,2.0,7.0,1.0,-1.0,0,0,0.0
16.0,2.0,2.0,2.0,4.0,2.0,-1.0,0,0,0.0
6.0,1.0,6.0,2.0,2.0,1.0,-1.0,0,0,0.0
15.0,1.0,6.0,2.0,7.0,2.0,-1.0,0,0,0.0
7.0,1.0,6.0,2.0,2.0,1.0,-1.0,0,0,0.0
17.0,1.0,6.0,2.0,7.0,1.0,-1.0,0,0,0.0
18.0,2.0,6.0,2.0,8.0,1.0,-1.0,0,0,0.0
15.0,2.0,6.0,2.0,2.0,1.0,-1.0,0,0,0.0
11.0,1.0,6.0,2.0,7.0,1.0,-1.0,0,0,0.0
10.0,2.0,6.0,2.0,9.0,2.0,-1.0,0,0,0.0
9.0,2.0,6.0,2.0,4.0,2.0,-1.0,0,0,0.0
16.0,1.0,6.0,1.0,5.0,1.0,-1.0,0,0,0.0
12.0,2.0,6.0,2.0,8.0,2.0,-1.0,0,0,0.0
11.0,2.0,6.0,2.0,4.0,1.0,-1.0,0,0,0.0
17.0,2.0,6.0,2.0,2.0,1.0,-1.0,0,0,0.0
14.0,1.0,6.0,2.0,2.0,1.0,-1.0,0,0,0.0
9.0,1.0,6.0,2.0,9.0,1.0,-1.0,0,0,0.0
18.0,1.0,6.0,2.0,8.0,2.0,-1.0,0,0,0.0267
6.0,2.0,6.0,2.0,7.0,1.0,-1.0,0,0,0.0
8.0,1.0,6.0,1.0,5.0,2.0,-1.0,0,0,0.0
16.0,2.0,6.0,2.0,5.0,1.0,-1.0,0,0,0.0
11.0,2.0,6.0,1.0,2.0,2.0,-1.0,0,0,0.0
13.0,1.0,6.0,2.0,5.0,1.0,-1.0,0,0,0.0
10.0,2.0,6.0,2.0,8.0,1.0,-1.0,0,0,0.0
8.0,2.0,6.0,2.0,7.0,1.0,-1.0,0,0,0.0
10.0,1.0,6.0,2.0,3.0,1.0,-1.0,0,0,0.0
18.0,2.0,6.0,2.0,7.0,1.0,4.0,1,1,1.0
18.0,2.0,6.0,2.0,1.0,2.0,-1.0,0,0,0.0
9.0,1.0,6.0,2.0,2.0,1.0,-1.0,0,0,0.0
11.0,1.0,6.0,2.0,3.0,1.0,-1.0,0,0,0.0
15.0,1.0,6.0,2.0,7.0,1.0,-1.0,0,0,0.0
8.0,1.0,6.0,2.0,8.0,1.0,-1.0,0,0,0.0
10.0,2.0,6.0,2.0,9.0,2.0,-1.0,0,0,0.0
6.0,2.0,6.0,2.0,6.0,1.0,-1.0,0,0,0.0
12.0,1.0,6.0,2.0,8.0,1.0,-1.0,0,0,0.0
13.0,2.0,6.0,2.0,7.0,1.0,-1.0,0,0,0.0
12.0,1.0,6.0,2.0,2.0,1.0,-1.0,0,0,0.0
6.0,1.0,6.0,2.0,1.0,2.0,-1.0,0,0,0.0
17.0,1.0,6.0,2.0,2.0,1.0,-1.0,0,0,0.0
8.0,2.0,6.0,2.0,2.0,1.0,-1.0,0,0,0.0
15.0,2.0,6.0,2.0,7.0,1.0,-1.0,0,0,0.0
16.0,1.0,6.0,2.0,4.0,1.0,-1.0,0,0,0.0
11.0,1.0,6.0,2.0,3.0,1.0,-1.0,0,0,0.0
7.0,1.0,6.0,2.0,7.0,1.0,-1.0,0,0,0.0
16.0,1.0,6.0,2.0,7.0,1.0,-1.0,0,0,0.0
8.0,2.0,6.0,2.0,9.0,1.0,-1.0,0,0,0.0
13.0,2.0,6.0,2.0,1.0,2.0,-1.0,0,0,0.0
7.0,2.0,6.0,2.0,7.0,1.0,-1.0,0,0,0.0
6.0,2.0,6.0,2.0,3.0,1.0,-1.0,0,0,0.0
18.0,1.0,6.0,2.0,3.0,1.0,-1.0,0,0,0.0
10.0,2.0,6.0,2.0,2.0,1.0,-1.0,0,0,0.0
10.0,1.0,6.0,2.0,7.0,1.0,-1.0,0,0,0.0
15.0,1.0,6.0,2.0,3.0,1.0,-1.0,0,0,0.0
7.0,1.0,6.0,2.0,2.0,2.0,-1.0,0,0,0.0
13.0,2.0,6.0,2.0,2.0,2.0,-1.0,0,0,0.0
16.0,1.0,6.0,2.0,4.0,1.0,-1.0,0,0,0.0
6.0,1.0,6.0,2.0,7.0,1.0,7.0,1,1,0.9733
10.0,1.0,6.0,2.0,4.0,1.0,-1.0,0,0,0.0
6.0,1.0,27.0,2.0,3.0,2.0,-1.0,0,0,0.0
15.0,1.0,6.0,1.0,2.0,1.0,-1.0,0,0,0.0
18.0,1.0,6.0,2.0,1.0,1.0,-1.0,0,0,0.0
17.0,2.0,6.0,2.0,3.0,1.0,-1.0,0,0,0.0
15.0,2.0,6.0,2.0,5.0,1.0,-1.0,0,0,0.0
18.0,1.0,41.0,2.0,7.0,2.0,6.0,1,1,0.98
12.0,2.0,6.0,2.0,7.0,2.0,-1.0,0,0,0.0
17.0,2.0,6.0,2.0,2.0,1.0,-1.0,0,0,0.0
15.0,1.0,6.0,2.0,3.0,1.0,-1.0,0,0,0.0
16.0,2.0,6.0,2.0,2.0,1.0,-1.0,0,0,0.0
15.0,2.0,6.0,2.0,6.0,2.0,-1.0,0,0,0.0
8.0,2.0,6.0,2.0,2.0,2.0,8.0,1,1,0.9267
13.0,2.0,6.0,2.0,2.0,1.0,-1.0,0,0,0.0
14.0,2.0,6.0,2.0,2.0,1.0,-1.0,0,0,0.0
10.0,1.0,6.0,2.0,9.0,1.0,-1.0,0,0,0.0
12.0,2.0,6.0,1.0,4.0,2.0,-1.0,0,0,0.0
12.0,1.0,6.0,2.0,2.0,1.0,-1.0,0,0,0.0
10.0,1.0,6.0,2.0,3.0,1.0,-1.0,0,0,0.0
8.0,1.0,6.0,2.0,4.0,1.0,-1.0,0,0,0.0
10.0,2.0,27.0,2.0,1.0,2.0,-1.0,0,0,0.0
8.0,1.0,6.0,2.0,7.0,1.0,-1.0,0,0,0.0
9.0,1.0,6.0,2.0,3.0,1.0,-1.0,0,0,0.0
8.0,2.0,6.0,2.0,1.0,1.0,-1.0,0,0,0.0
11.0,1.0,6.0,2.0,4.0,1.0,-1.0,0,0,0.0
13.0,2.0,6.0,2.0,1.0,2.0,-1.0,0,0,0.0
13.0,1.0,6.0,2.0,2.0,1.0,-1.0,0,0,0.0
11.0,2.0,6.0,2.0,9.0,2.0,-1.0,0,0,0.0
14.0,2.0,6.0,2.0,7.0,1.0,-1.0,0,0,0.0
9.0,2.0,6.0,2.0,1.0,2.0,-1.0,0,0,0.0
13.0,2.0,6.0,2.0,2.0,1.0,-1.0,0,0,0.0
18.0,1.0,6.0,2.0,1.0,2.0,-1.0,0,0,0.0
17.0,2.0,6.0,2.0,2.0,1.0,-1.0,0,0,0.0
7.0,2.0,6.0,2.0,4.0,2.0,-1.0,0,0,0.0
6.0,1.0,6.0,2.0,2.0,1.0,-1.0,0,0,0.0
9.0,1.0,6.0,2.0,3.0,1.0,-1.0,0,0,0.0
8.0,2.0,6.0,2.0,2.0,1.0,-1.0,0,0,0.0
8.0,2.0,6.0,2.0,5.0,2.0,-1.0,0,0,0.0
7.0,1.0,6.0,2.0,3.0,1.0,-1.0,0,0,0.0
16.0,1.0,6.0,2.0,3.0,1.0,-1.0,0,0,0.0
12.0,2.0,6.0,2.0,2.0,1.0,-1.0,0,0,0.0
7.0,1.0,6.0,1.0,2.0,1.0,-1.0,0,0,0.0
15.0,1.0,6.0,2.0,5.0,1.0,-1.0,0,0,0.0
18.0,1.0,6.0,2.0,3.0,1.0,8.0,1,1,1.0
12.0,1.0,27.0,2.0,5.0,2.0,6.0,1,1,0.8767
14.0,2.0,6.0,2.0,3.0,1.0,-1.0,0,0,0.0
14.0,1.0,6.0,2.0,3.0,1.0,-1.0,0,0,0.0
13.0,2.0,6.0,2.0,7.0,1.0,-1.0,0,0,0.0
14.0,1.0,6.0,2.0,7.0,1.0,-1.0,0,0,0.0
16.0,1.0,27.0,2.0,1.0,2.0,-1.0,0,0,0.0
11.0,2.0,27.0,2.0,1.0,2.0,-1.0,0,0,0.0
16.0,1.0,2.0,2.0,4.0,2.0,-1.0,0,0,0.0
13.0,2.0,6.0,2.0,8.0,1.0,-1.0,0,0,0.0
16.0,2.0,6.0,2.0,2.0,1.0,-1.0,0,0,0.0
10.0,2.0,27.0,1.0,1.0,2.0,-1.0,0,0,0.0
17.0,2.0,6.0,2.0,7.0,1.0,-1.0,0,0,0.0
15.0,1.0,6.0,2.0,3.0,1.0,-1.0,0,0,0.0
17.0,1.0,6.0,1.0,2.0,1.0,-1.0,0,0,0.0
9.0,2.0,27.0,1.0,5.0,2.0,-1.0,0,0,0.0
10.0,2.0,6.0,2.0,8.0,1.0,-1.0,0,0,0.0
7.0,1.0,6.0,2.0,2.0,1.0,-1.0,0,0,0.0
16.0,2.0,6.0,1.0,5.0,2.0,-1.0,0,0,0.0
6.0,2.0,6.0,2.0,7.0,1.0,-1.0,0,0,0.0
6.0,1.0,6.0,2.0,2.0,1.0,-1.0,0,0,0.0
11.0,2.0,6.0,2.0,2.0,1.0,-1.0,0,0,0.0
6.0,1.0,6.0,2.0,3.0,1.0,-1.0,0,0,0.0
8.0,2.0,2.0,2.0,4.0,2.0,-1.0,0,0,0.0
10.0,2.0,6.0,2.0,7.0,1.0,-1.0,0,0,0.0
9.0,2.0,6.0,2.0,7.0,1.0,-1.0,0,0,0.0
13.0,1.0,6.0,2.0,8.0,1.0,-1.0,0,0,0.0
12.0,2.0,6.0,2.0,3.0,1.0,-1.0,0,0,0.0
16.0,1.0,6.0,1.0,7.0,1.0,-1.0,0,0,0.0
7.0,2.0,6.0,2.0,7.0,1.0,-1.0,0,0,0.0
14.0,1.0,6.0,2.0,7.0,1.0,-1.0,0,0,0.0
13.0,1.0,6.0,2.0,3.0,1.0,-1.0,0,0,0.0
7.0,2.0,6.0,2.0,2.0,1.0,-1.0,0,0,0.0
14.0,1.0,27.0,2.0,5.0,2.0,-1.0,0,0,0.0
14.0,2.0,6.0,2.0,6.0,2.0,-1.0,0,0,0.0
11.0,1.0,6.0,2.0,5.0,2.0,-1.0,0,0,0.0
15.0,2.0,6.0,2.0,8.0,2.0,-1.0,0,0,0.0
15.0,1.0,6.0,2.0,8.0,1.0,-1.0,0,0,0.0
18.0,1.0,6.0,2.0,1.0,1.0,-1.0,0,0,0.0
10.0,2.0,6.0,2.0,8.0,1.0,-1.0,0,0,0.0
9.0,2.0,6.0,2.0,6.0,1.0,-1.0,0,0,0.0
18.0,2.0,6.0,1.0,3.0,2.0,-1.0,0,0,0.0033
13.0,1.0,6.0,2.0,3.0,2.0,-1.0,0,0,0.0
11.0,2.0,6.0,2.0,7.0,1.0,-1.0,0,0,0.0
11.0,2.0,27.0,1.0,3.0,2.0,-1.0,0,0,0.0
14.0,1.0,6.0,2.0,8.0,1.0,-1.0,0,0,0.0
16.0,1.0,6.0,2.0,5.0,1.0,-1.0,0,0,0.0
13.0,2.0,6.0,2.0,6.0,2.0,-1.0,0,0,0.0
8.0,1.0,6.0,2.0,7.0,1.0,-1.0,0,0,0.0
15.0,2.0,6.0,2.0,4.0,1.0,-1.0,0,0,0.0
17.0,2.0,2.0,2.0,4.0,2.0,-1.0,0,0,0.01
9.0,2.0,6.0,2.0,3.0,1.0,-1.0,0,0,0.0
16.0,2.0,6.0,2.0,9.0,1.0,-1.0,0,0,0.0
8.0,2.0,6.0,1.0,2.0,1.0,-1.0,0,0,0.0
13.0,1.0,6.0,2.0,6.0,1.0,-1.0,0,0,0.0
9.0,2.0,6.0,1.0,3.0,1.0,-1.0,0,0,0.0
12.0,2.0,6.0,2.0,7.0,1.0,-1.0,0,0,0.0
10.0,1.0,6.0,2.0,5.0,2.0,-1.0,0,0,0.0
14.0,1.0,6.0,2.0,1.0,2.0,-1.0,0,0,0.0
10.0,1.0,6.0,2.0,9.0,1.0,-1.0,0,0,0.0
8.0,1.0,6.0,2.0,3.0,1.0,-1.0,0,0,0.0
10.0,1.0,6.0,2.0,2.0,1.0,-1.0,0,0,0.0
15.0,1.0,6.0,2.0,2.0,1.0,-1.0,0,0,0.0
11.0,2.0,6.0,2.0,7.0,1.0,-1.0,0,0,0.0
11.0,1.0,6.0,2.0,9.0,1.0,-1.0,0,0,0.0
11.0,2.0,6.0,2.0,2.0,1.0,-1.0,0,0,0.0
11.0,1.0,6.0,1.0,4.0,2.0,-1.0,0,0,0.0
10.0,2.0,6.0,2.0,6.0,1.0,-1.0,0,0,0.0
14.0,1.0,6.0,2.0,3.0,1.0,-1.0,0,0,0.0
18.0,2.0,6.0,1.0,2.0,1.0,-1.0,0,0,0.0
13.0,1.0,2.0,1.0,2.0,2.0,-1.0,0,0,0.0
15.0,1.0,27.0,2.0,3.0,1.0,-1.0,0,0,0.0167
8.0,1.0,6.0,2.0,9.0,2.0,-1.0,0,0,0.0
8.0,1.0,6.0,2.0,2.0,2.0,-1.0,0,0,0.0
8.0,2.0,6.0,2.0,7.0,1.0,-1.0,0,0,0.0
16.0,2.0,6.0,1.0,5.0,1.0,-1.0,0,0,0.0
6.0,2.0,6.0,1.0,7.0,2.0,-1.0,0,0,0.0
9.0,1.0,6.0,1.0,3.0,2.0,-1.0,0,0,0.0
17.0,2.0,6.0,2.0,6.0,1.0,-1.0,0,0,0.0
18.0,2.0,6.0,2.0,8.0,1.0,-1.0,0,0,0.0
13.0,1.0,6.0,2.0,7.0,1.0,-1.0,0,0,0.0
14.0,2.0,6.0,2.0,7.0,1.0,-1.0,0,0,0.0
16.0,1.0,6.0,2.0,4.0,1.0,-1.0,0,0,0.0
18.0,1.0,6.0,2.0,2.0,1.0,-1.0,0,0,0.0
10.0,2.0,6.0,2.0,8.0,1.0,-1.0,0,0,0.0
6.0,2.0,58.0,2.0,7.0,1.0,-1.0,0,0,0.0233
15.0,2.0,6.0,2.0,2.0,1.0,-1.0,0,0,0.0
10.0,2.0,6.0,2.0,8.0,1.0,-1.0,0,0,0.0
16.0,2.0,27.0,1.0,3.0,2.0,-1.0,0,0,0.0033
17.0,2.0,6.0,2.0,5.0,1.0,-1.0,0,0,0.0
8.0,2.0,6.0,2.0,9.0,1.0,-1.0,0,0,0.0
6.0,1.0,6.0,1.0,2.0,1.0,-1.0,0,0,0.0
6.0,2.0,6.0,2.0,3.0,1.0,-1.0,0,0,0.0
10.0,2.0,6.0,2.0,4.0,1.0,-1.0,0,0,0.0
7.0,1.0,6.0,2.0,7.0,1.0,-1.0,0,0,0.0
15.0,1.0,6.0,2.0,8.0,1.0,-1.0,0,0,0.0
7.0,2.0,6.0,2.0,7.0,1.0,-1.0,0,0,0.0
11.0,1.0,6.0,2.0,2.0,1.0,-1.0,0,0,0.0
18.0,1.0,6.0,2.0,2.0,1.0,5.0,1,1,1.0
7.0,1.0,6.0,2.0,6.0,2.0,-1.0,0,0,0.0
13.0,2.0,6.0,2.0,3.0,1.0,-1.0,0,0,0.0
6.0,2.0,6.0,2.0,3.0,1.0,-1.0,0,0,0.0
11.0,2.0,6.0,2.0,8.0,1.0,-1.0,0,0,0.0
6.0,2.0,6.0,2.0,2.0,1.0,-1.0,0,0,0.0
14.0,2.0,6.0,2.0,2.0,1.0,-1.0,0,0,0.0
17.0,2.0,6.0,1.0,2.0,1.0,-1.0,0,0,0.0
11.0,2.0,6.0,2.0,6.0,2.0,-1.0,0,0,0.0
11.0,1.0,6.0,2.0,8.0,1.0,-1.0,0,0,0.0
17.0,2.0,6.0,2.0,4.0,2.0,-1.0,0,0,0.0033
6.0,1.0,6.0,2.0,2.0,1.0,-1.0,0,0,0.0
16.0,2.0,6.0,2.0,2.0,1.0,-1.0,0,0,0.0
14.0,1.0,6.0,1.0,7.0,1.0,-1.0,0,0,0.0
15.0,2.0,6.0,2.0,7.0,1.0,-1.0,0,0,0.0
7.0,1.0,6.0,2.0,1.0,2.0,-1.0,0,0,0.0
18.0,1.0,6.0,2.0,3.0,1.0,-1.0,0,0,0.0
12.0,2.0,6.0,2.0,9.0,1.0,-1.0,0,0,0.0
17.0,1.0,2.0,1.0,2.0,2.0,-1.0,0,0,0.0
17.0,1.0,27.0,2.0,1.0,2.0,-1.0,0,0,0.0
6.0,2.0,27.0,2.0,5.0,2.0,-1.0,0,0,0.0
9.0,2.0,6.0,2.0,3.0,1.0,-1.0,0,0,0.0
6.0,1.0,6.0,2.0,4.0,1.0,-1.0,0,0,0.0
16.0,2.0,6.0,2.0,8.0,1.0,-1.0,0,0,0.0
14.0,1.0,6.0,2.0,5.0,2.0,-1.0,0,0,0.0
7.0,2.0,6.0,2.0,5.0,1.0,-1.0,0,0,0.0
18.0,2.0,6.0,2.0,7.0,1.0,-1.0,0,0,0.0
12.0,2.0,6.0,2.0,6.0,1.0,-1.0,0,0,0.0
16.0,1.0,6.0,2.0,7.0,1.0,-1.0,0,0,0.0
8.0,2.0,6.0,2.0,7.0,1.0,-1.0,0,0,0.0
8.0,2.0,6.0,2.0,7.0,1.0,-1.0,0,0,0.0
10.0,1.0,27.0,2.0,1.0,2.0,-1.0,0,0,0.0
15.0,2.0,6.0,2.0,6.0,1.0,-1.0,0,0,0.0
17.0,2.0,6.0,2.0,5.0,1.0,-1.0,0,0,0.0
12.0,2.0,6.0,2.0,3.0,1.0,-1.0,0,0,0.0
16.0,1.0,6.0,2.0,7.0,1.0,-1.0,0,0,0.0
17.0,1.0,6.0,2.0,2.0,1.0,-1.0,0,0,0.0
11.0,2.0,6.0,2.0,8.0,1.0,-1.0,0,0,0.0
7.0,1.0,6.0,2.0,5.0,2.0,-1.0,0,0,0.0
10.0,2.0,6.0,2.0,3.0,1.0,-1.0,0,0,0.0
8.0,2.0,6.0,2.0,2.0,2.0,-1.0,0,0,0.0
13.0,1.0,6.0,2.0,2.0,1.0,-1.0,0,0,0.0
12.0,1.0,6.0,2.0,7.0,1.0,-1.0,0,0,0.0
6.0,1.0,6.0,2.0,6.0,2.0,-1.0,0,0,0.0
10.0,1.0,27.0,2.0,3.0,2.0,-1.0,0,0,0.0
17.0,1.0,6.0,2.0,8.0,2.0,-1.0,0,0,0.0033
15.0,1.0,6.0,2.0,7.0,1.0,-1.0,0,0,0.0
12.0,2.0,6.0,2.0,8.0,2.0,-1.0,0,0,0.0
18.0,1.0,6.0,2.0,3.0,1.0,-1.0,0,0,0.0
8.0,2.0,6.0,2.0,6.0,1.0,-1.0,0,0,0.0
15.0,1.0,6.0,2.0,1.0,1.0,-1.0,0,0,0.0
16.0,2.0,6.0,2.0,3.0,1.0,-1.0,0,0,0.0
12.0,2.0,6.0,2.0,1.0,2.0,-1.0,0,0,0.0
10.0,2.0,6.0,2.0,5.0,1.0,-1.0,0,0,0.0
8.0,2.0,6.0,2.0,3.0,1.0,-1.0,0,0,0.0
9.0,1.0,6.0,2.0,7.0,1.0,-1.0,0,0,0.0
10.0,1.0,27.0,2.0,1.0,2.0,-1.0,0,0,0.0
12.0,1.0,6.0,2.0,6.0,1.0,-1.0,0,0,0.0
15.0,1.0,6.0,1.0,2.0,2.0,-1.0,0,0,0.0
17.0,1.0,6.0,2.0,2.0,1.0,-1.0,0,0,0.0
15.0,1.0,6.0,2.0,2.0,1.0,-1.0,0,0,0.0
18.0,1.0,6.0,2.0,8.0,1.0,-1.0,0,0,0.0
6.0,1.0,6.0,2.0,7.0,1.0,-1.0,0,0,0.0
10.0,1.0,6.0,2.0,1.0,1.0,-1.0,0,0,0.0
13.0,1.0,6.0,2.0,3.0,1.0,-1.0,0,0,0.0
18.0,2.0,6.0,2.0,4.0,1.0,-1.0,0,0,0.0
13.0,2.0,6.0,2.0,3.0,1.0,-1.0,0,0,0.0
14.0,1.0,6.0,2.0,8.0,2.0,-1.0,0,0,0.0
17.0,2.0,6.0,2.0,3.0,1.0,-1.0,0,0,0.0
17.0,2.0,6.0,2.0,4.0,1.0,-1.0,0,0,0.0
12.0,1.0,27.0,2.0,3.0,2.0,-1.0,0,0,0.0
8.0,1.0,6.0,2.0,1.0,1.0,-1.0,0,0,0.0
10.0,1.0,6.0,2.0,3.0,1.0,-1.0,0,0,0.0
11.0,2.0,6.0,2.0,7.0,1.0,-1.0,0,0,0.0
15.0,2.0,6.0,2.0,2.0,1.0,-1.0,0,0,0.0
7.0,1.0,6.0,2.0,2.0,1.0,-1.0,0,0,0.0
6.0,2.0,27.0,1.0,3.0,1.0,-1.0,0,0,0.0067
9.0,2.0,6.0,2.0,4.0,1.0,-1.0,0,0,0.0
16.0,1.0,6.0,2.0,8.0,1.0,-1.0,0,0,0.0
10.0,1.0,6.0,2.0,7.0,1.0,-1.0,0,0,0.0
8.0,2.0,6.0,2.0,3.0,1.0,-1.0,0,0,0.0
6.0,1.0,6.0,2.0,3.0,1.0,-1.0,0,0,0.0
16.0,1.0,6.0,2.0,7.0,2.0,-1.0,0,0,0.0
8.0,1.0,6.0,2.0,6.0,1.0,-1.0,0,0,0.0
14.0,1.0,6.0,1.0,5.0,1.0,-1.0,0,0,0.0
13.0,2.0,6.0,2.0,2.0,1.0,-1.0,0,0,0.0
17.0,1.0,6.0,2.0,2.0,1.0,-1.0,0,0,0.0
13.0,2.0,6.0,2.0,7.0,1.0,-1.0,0,0,0.0
11.0,2.0,6.0,2.0,2.0,1.0,-1.0,0,0,0.0
18.0,1.0,6.0,2.0,9.0,1.0,-1.0,0,0,0.0
16.0,2.0,6.0,2.0,4.0,1.0,-1.0,0,0,0.0
13.0,2.0,6.0,2.0,8.0,1.0,-1.0,0,0,0.0
17.0,1.0,6.0,2.0,7.0,1.0,-1.0,0,0,0.0
18.0,1.0,6.0,2.0,2.0,1.0,-1.0,0,0,0.0
12.0,1.0,6.0,2.0,3.0,1.0,-1.0,0,0,0.0
10.0,1.0,6.0,2.0,3.0,2.0,-1.0,0,0,0.0
17.0,2.0,6.0,2.0,7.0,1.0,-1.0,0,0,0.0
18.0,1.0,6.0,2.0,1.0,2.0,-1.0,0,0,0.0
17.0,1.0,6.0,1.0,2.0,1.0,-1.0,0,0,0.0
12.0,2.0,6.0,2.0,3.0,1.0,-1.0,0,0,0.0
14.0,2.0,6.0,2.0,1.0,1.0,-1.0,0,0,0.0
18.0,1.0,6.0,2.0,7.0,1.0,-1.0,0,0,0.0
17.0,2.0,6.0,2.0,2.0,1.0,-1.0,0,0,0.0
16.0,1.0,6.0,2.0,4.0,1.0,-1.0,0,0,0.0
11.0,2.0,6.0,2.0,3.0,1.0,-1.0,0,0,0.0
16.0,2.0,6.0,2.0,3.0,1.0,-1.0,0,0,0.0
10.0,2.0,27.0,2.0,3.0,2.0,-1.0,0,0,0.0
13.0,1.0,6.0,2.0,3.0,1.0,-1.0,0,0,0.0
11.0,1.0,6.0,2.0,7.0,1.0,-1.0,0,0,0.0
12.0,2.0,6.0,1.0,5.0,1.0,-1.0,0,0,0.0
13.0,2.0,6.0,2.0,8.0,1.0,-1.0,0,0,0.0
15.0,1.0,6.0,2.0,2.0,1.0,-1.0,0,0,0.0
7.0,2.0,6.0,2.0,2.0,1.0,-1.0,0,0,0.0
16.0,2.0,6.0,2.0,2.0,1.0,-1.0,0,0,0.0
16.0,2.0,6.0,2.0,2.0,1.0,-1.0,0,0,0.0
14.0,1.0,6.0,1.0,7.0,2.0,-1.0,0,0,0.0
17.0,1.0,6.0,2.0,3.0,1.0,-1.0,0,0,0.0
7.0,2.0,6.0,2.0,7.0,1.0,-1.0,0,0,0.0
16.0,2.0,6.0,2.0,2.0,1.0,-1.0,0,0,0.0
13.0,1.0,6.0,2.0,2.0,1.0,-1.0,0,0,0.0
7.0,2.0,6.0,2.0,5.0,1.0,-1.0,0,0,0.0
9.0,1.0,6.0,2.0,8.0,2.0,-1.0,0,0,0.0
17.0,2.0,6.0,2.0,4.0,1.0,-1.0,0,0,0.0
15.0,1.0,6.0,1.0,7.0,2.0,-1.0,0,0,0.0
10.0,2.0,6.0,2.0,2.0,1.0,-1.0,0,0,0.0
14.0,2.0,6.0,1.0,8.0,1.0,-1.0,0,0,0.0
15.0,2.0,6.0,2.0,3.0,1.0,-1.0,0,0,0.0
17.0,2.0,6.0,2.0,8.0,2.0,-1.0,0,0,0.0
17.0,2.0,6.0,2.0,5.0,1.0,-1.0,0,0,0.0
10.0,2.0,6.0,2.0,4.0,1.0,-1.0,0,0,0.0
10.0,1.0,6.0,2.0,7.0,1.0,-1.0,0,0,0.0
14.0,2.0,6.0,2.0,3.0,1.0,-1.0,0,0,0.0
9.0,1.0,6.0,2.0,7.0,1.0,-1.0,0,0,0.0
10.0,1.0,6.0,2.0,3.0,1.0,-1.0,0,0,0.0
6.0,2.0,6.0,1.0,9.0,2.0,-1.0,0,0,0.0
17.0,2.0,27.0,2.0,1.0,2.0,-1.0,0,0,0.0
13.0,1.0,6.0,2.0,2.0,1.0,-1.0,0,0,0.0
7.0,1.0,6.0,2.0,2.0,1.0,-1.0,0,0,0.0
18.0,2.0,6.0,2.0,2.0,1.0,1.0,1,1,0.9967
10.0,2.0,41.0,2.0,7.0,2.0,-1.0,0,0,0.0033
15.0,1.0,6.0,2.0,7.0,1.0,-1.0,0,0,0.0
14.0,2.0,6.0,2.0,8.0,1.0,-1.0,0,0,0.0
11.0,2.0,6.0,2.0,7.0,1.0,-1.0,0,0,0.0
15.0,1.0,6.0,2.0,7.0,1.0,-1.0,0,0,0.0
18.0,2.0,6.0,2.0,2.0,1.0,-1.0,0,0,0.0
15.0,1.0,6.0,1.0,2.0,2.0,-1.0,0,0,0.0
6.0,2.0,6.0,2.0,2.0,1.0,-1.0,0,0,0.0
10.0,1.0,6.0,2.0,2.0,2.0,-1.0,0,0,0.0
14.0,1.0,6.0,2.0,7.0,1.0,-1.0,0,0,0.0
14.0,2.0,27.0,2.0,1.0,2.0,-1.0,0,0,0.01
16.0,2.0,27.0,1.0,1.0,2.0,5.0,1,1,0.9433
18.0,2.0,6.0,2.0,5.0,1.0,1.0,1,1,0.9567
14.0,1.0,6.0,2.0,1.0,2.0,-1.0,0,0,0.0
7.0,1.0,6.0,2.0,2.0,1.0,-1.0,0,0,0.0
12.0,1.0,6.0,2.0,2.0,1.0,-1.0,0,0,0.0
13.0,2.0,6.0,1.0,5.0,1.0,-1.0,0,0,0.0
11.0,1.0,6.0,2.0,5.0,1.0,-1.0,0,0,0.0
8.0,1.0,6.0,2.0,7.0,1.0,-1.0,0,0,0.0
16.0,2.0,6.0,1.0,2.0,1.0,-1.0,0,0,0.0
7.0,2.0,6.0,2.0,6.0,1.0,-1.0,0,0,0.0
10.0,2.0,6.0,2.0,3.0,1.0,-1.0,0,0,0.0
16.0,2.0,6.0,2.0,8.0,1.0,-1.0,0,0,0.0
14.0,2.0,6.0,2.0,2.0,1.0,-1.0,0,0,0.0
13.0,1.0,6.0,1.0,7.0,1.0,-1.0,0,0,0.0
8.0,1.0,6.0,2.0,6.0,2.0,-1.0,0,0,0.0
15.0,2.0,6.0,2.0,2.0,1.0,-1.0,0,0,0.0
13.0,2.0,6.0,2.0,7.0,1.0,-1.0,0,0,0.0
11.0,2.0,6.0,2.0,8.0,2.0,-1.0,0,0,0.0
8.0,2.0,6.0,2.0,9.0,1.0,-1.0,0,0,0.0
14.0,2.0,6.0,2.0,5.0,2.0,-1.0,0,0,0.0
18.0,2.0,6.0,2.0,5.0,1.0,-1.0,0,0,0.0
14.0,1.0,6.0,2.0,7.0,1.0,-1.0,0,0,0.0
10.0,1.0,6.0,2.0,7.0,2.0,-1.0,0,0,0.0
13.0,2.0,6.0,1.0,3.0,1.0,-1.0,0,0,0.0
12.0,1.0,6.0,2.0,2.0,1.0,-1.0,0,0,0.0
8.0,1.0,27.0,2.0,3.0,1.0,-1.0,0,0,0.0
7.0,2.0,6.0,1.0,2.0,1.0,-1.0,0,0,0.0
8.0,1.0,6.0,2.0,8.0,2.0,-1.0,0,0,0.0
15.0,2.0,6.0,2.0,1.0,2.0,-1.0,0,0,0.0
8.0,1.0,6.0,2.0,6.0,1.0,-1.0,0,0,0.0
6.0,1.0,6.0,2.0,9.0,2.0,-1.0,0,0,0.0
10.0,1.0,6.0,2.0,2.0,1.0,-1.0,0,0,0.0
12.0,2.0,6.0,2.0,8.0,2.0,-1.0,0,0,0.0
16.0,1.0,6.0,2.0,3.0,1.0,-1.0,0,0,0.0
10.0,1.0,6.0,2.0,7.0,1.0,-1.0,0,0,0.0
15.0,2.0,6.0,2.0,5.0,2.0,-1.0,0,0,0.0
6.0,2.0,6.0,1.0,2.0,2.0,-1.0,0,0,0.0
9.0,2.0,6.0,1.0,2.0,2.0,-1.0,0,0,0.0
9.0,2.0,6.0,2.0,2.0,1.0,-1.0,0,0,0.0
18.0,2.0,6.0,2.0,3.0,1.0,-1.0,0,0,0.0
16.0,2.0,6.0,2.0,3.0,1.0,-1.0,0,0,0.0
13.0,2.0,6.0,2.0,7.0,1.0,-1.0,0,0,0.0
12.0,1.0,6.0,2.0,6.0,1.0,-1.0,0,0,0.0
10.0,2.0,6.0,2.0,7.0,1.0,-1.0,0,0,0.0
9.0,2.0,6.0,2.0,7.0,2.0,-1.0,0,0,0.0
8.0,2.0,27.0,2.0,3.0,2.0,-1.0,0,0,0.0
12.0,2.0,6.0,2.0,2.0,1.0,-1.0,0,0,0.0
15.0,1.0,6.0,2.0,9.0,1.0,-1.0,0,0,0.0
12.0,2.0,6.0,2.0,7.0,1.0,-1.0,0,0,0.0
9.0,1.0,6.0,2.0,5.0,2.0,-1.0,0,0,0.0
17.0,2.0,6.0,2.0,3.0,1.0,-1.0,0,0,0.0
6.0,1.0,6.0,2.0,1.0,1.0,-1.0,0,0,0.0
10.0,1.0,6.0,2.0,2.0,1.0,-1.0,0,0,0.0
12.0,2.0,27.0,1.0,3.0,2.0,-1.0,0,0,0.0
11.0,2.0,6.0,1.0,7.0,2.0,-1.0,0,0,0.0
10.0,2.0,6.0,2.0,1.0,2.0,-1.0,0,0,0.0
16.0,2.0,2.0,2.0,2.0,2.0,-1.0,0,0,0.0
14.0,1.0,6.0,2.0,7.0,1.0,-1.0,0,0,0.0
10.0,2.0,6.0,2.0,6.0,1.0,-1.0,0,0,0.0
10.0,1.0,6.0,2.0,1.0,2.0,-1.0,0,0,0.0
7.0,1.0,6.0,2.0,3.0,1.0,-1.0,0,0,0.0
7.0,1.0,6.0,2.0,3.0,1.0,-1.0,0,0,0.0
12.0,2.0,6.0,2.0,2.0,1.0,-1.0,0,0,0.0
6.0,1.0,6.0,1.0,5.0,1.0,-1.0,0,0,0.0
16.0,2.0,6.0,2.0,2.0,1.0,-1.0,0,0,0.0
11.0,2.0,6.0,2.0,5.0,1.0,-1.0,0,0,0.0
12.0,2.0,6.0,2.0,7.0,1.0,-1.0,0,0,0.0
13.0,1.0,6.0,2.0,6.0,1.0,-1.0,0,0,0.0
16.0,1.0,6.0,2.0,7.0,1.0,-1.0,0,0,0.0
7.0,2.0,6.0,2.0,8.0,1.0,-1.0,0,0,0.0
18.0,1.0,6.0,2.0,2.0,1.0,-1.0,0,0,0.0
9.0,1.0,6.0,2.0,2.0,2.0,-1.0,0,0,0.0
14.0,1.0,6.0,2.0,6.0,1.0,-1.0,0,0,0.0
9.0,1.0,6.0,2.0,4.0,1.0,-1.0,0,0,0.0
6.0,1.0,6.0,2.0,6.0,2.0,-1.0,0,0,0.0
8.0,1.0,6.0,2.0,2.0,2.0,-1.0,0,0,0.0
11.0,1.0,6.0,2.0,9.0,2.0,-1.0,0,0,0.0
9.0,2.0,6.0,2.0,7.0,1.0,-1.0,0,0,0.0
12.0,2.0,27.0,2.0,1.0,2.0,-1.0,0,0,0.0
11.0,2.0,6.0,2.0,2.0,1.0,-1.0,0,0,0.0
14.0,2.0,6.0,2.0,8.0,1.0,-1.0,0,0,0.0
13.0,1.0,6.0,2.0,3.0,1.0,-1.0,0,0,0.0
17.0,2.0,6.0,2.0,2.0,2.0,-1.0,0,0,0.0
17.0,1.0,6.0,2.0,2.0,1.0,-1.0,0,0,0.0
8.0,2.0,6.0,2.0,7.0,1.0,-1.0,0,0,0.0
8.0,2.0,6.0,2.0,2.0,1.0,-1.0,0,0,0.0
14.0,2.0,6.0,2.0,2.0,1.0,-1.0,0,0,0.0
10.0,1.0,6.0,2.0,3.0,1.0,-1.0,0,0,0.0
12.0,1.0,6.0,2.0,3.0,1.0,-1.0,0,0,0.0
10.0,1.0,6.0,2.0,1.0,1.0,-1.0,0,0,0.0
11.0,2.0,2.0,1.0,3.0,2.0,-1.0,0,0,0.0
17.0,1.0,995.0,2.0,1.0,2.0,2.0,1,1,0.86
11.0,2.0,6.0,2.0,3.0,2.0,-1.0,0,0,0.0
12.0,1.0,6.0,2.0,6.0,2.0,-1.0,0,0,0.0
16.0,1.0,6.0,2.0,7.0,1.0,-1.0,0,0,0.0
14.0,2.0,6.0,2.0,9.0,2.0,-1.0,0,0,0.0
6.0,2.0,6.0,2.0,2.0,1.0,-1.0,0,0,0.0
12.0,2.0,6.0,2.0,7.0,1.0,-1.0,0,0,0.0
7.0,2.0,995.0,2.0,5.0,2.0,2.0,1,1,0.91
15.0,1.0,6.0,2.0,2.0,1.0,-1.0,0,0,0.0
8.0,2.0,6.0,2.0,7.0,1.0,-1.0,0,0,0.0
8.0,1.0,6.0,2.0,1.0,2.0,-1.0,0,0,0.0
14.0,1.0,54.0,2.0,7.0,2.0,6.0,1,1,0.9433
7.0,1.0,6.0,2.0,6.0,2.0,-1.0,0,0,0.0
11.0,1.0,6.0,2.0,7.0,1.0,-1.0,0,0,0.0
14.0,2.0,6.0,2.0,3.0,1.0,-1.0,0,0,0.0
11.0,2.0,6.0,2.0,2.0,2.0,-1.0,0,0,0.0
7.0,1.0,6.0,2.0,1.0,1.0,-1.0,0,0,0.0
15.0,1.0,6.0,2.0,3.0,1.0,-1.0,0,0,0.0
6.0,1.0,6.0,2.0,2.0,2.0,-1.0,0,0,0.0
15.0,2.0,6.0,2.0,2.0,1.0,-1.0,0,0,0.0
15.0,2.0,6.0,1.0,7.0,1.0,-1.0,0,0,0.0
11.0,2.0,6.0,2.0,7.0,1.0,-1.0,0,0,0.0
18.0,2.0,6.0,2.0,3.0,1.0,-1.0,0,0,0.0
12.0,2.0,6.0,2.0,2.0,2.0,-1.0,0,0,0.0
8.0,1.0,6.0,2.0,5.0,1.0,-1.0,0,0,0.0
16.0,2.0,6.0,2.0,2.0,1.0,-1.0,0,0,0.0
16.0,1.0,6.0,2.0,2.0,1.0,-1.0,0,0,0.0
11.0,2.0,6.0,2.0,8.0,1.0,-1.0,0,0,0.0
11.0,2.0,6.0,2.0,1.0,1.0,-1.0,0,0,0.0
7.0,2.0,6.0,2.0,6.0,1.0,-1.0,0,0,0.0
7.0,1.0,6.0,2.0,6.0,1.0,-1.0,0,0,0.0
11.0,2.0,6.0,2.0,6.0,2.0,-1.0,0,0,0.0
6.0,2.0,6.0,2.0,3.0,1.0,-1.0,0,0,0.0
10.0,2.0,6.0,1.0,2.0,2.0,-1.0,0,0,0.0
11.0,1.0,6.0,2.0,7.0,2.0,-1.0,0,0,0.0
9.0,1.0,6.0,2.0,9.0,1.0,-1.0,0,0,0.0
7.0,1.0,6.0,2.0,6.0,1.0,-1.0,0,0,0.0
10.0,1.0,6.0,2.0,5.0,2.0,-1.0,0,0,0.0
14.0,1.0,6.0,2.0,6.0,2.0,-1.0,0,0,0.0033
8.0,1.0,6.0,2.0,3.0,1.0,-1.0,0,0,0.0
18.0,1.0,6.0,1.0,2.0,1.0,-1.0,0,0,0.0
12.0,1.0,6.0,2.0,7.0,1.0,-1.0,0,0,0.0
11.0,1.0,6.0,1.0,2.0,2.0,-1.0,0,0,0.0
9.0,1.0,6.0,2.0,1.0,1.0,-1.0,0,0,0.0
11.0,1.0,6.0,2.0,3.0,1.0,-1.0,0,0,0.0
9.0,1.0,6.0,2.0,5.0,1.0,-1.0,0,0,0.0
10.0,1.0,6.0,1.0,5.0,2.0,-1.0,0,0,0.0
18.0,2.0,6.0,2.0,2.0,1.0,-1.0,0,0,0.0
12.0,2.0,6.0,1.0,5.0,1.0,-1.0,0,0,0.0
7.0,1.0,6.0,2.0,3.0,1.0,-1.0,0,0,0.0
9.0,2.0,6.0,2.0,9.0,1.0,-1.0,0,0,0.0
10.0,1.0,6.0,2.0,3.0,2.0,-1.0,0,0,0.0
7.0,2.0,6.0,2.0,2.0,1.0,-1.0,0,0,0.0
15.0,1.0,6.0,2.0,2.0,1.0,-1.0,0,0,0.0
11.0,1.0,6.0,2.0,6.0,1.0,-1.0,0,0,0.0
17.0,1.0,6.0,2.0,6.0,1.0,-1.0,0,0,0.0
12.0,1.0,6.0,2.0,2.0,2.0,-1.0,0,0,0.0
9.0,1.0,6.0,2.0,7.0,1.0,-1.0,0,0,0.0
18.0,1.0,6.0,2.0,7.0,1.0,6.0,1,1,1.0
10.0,2.0,6.0,2.0,6.0,1.0,-1.0,0,0,0.0
14.0,1.0,6.0,2.0,9.0,1.0,-1.0,0,0,0.0
18.0,2.0,6.0,2.0,7.0,1.0,-1.0,0,0,0.0
18.0,1.0,6.0,2.0,7.0,1.0,1.0,1,1,0.95
18.0,2.0,6.0,1.0,2.0,1.0,-1.0,0,0,0.0
12.0,1.0,6.0,2.0,6.0,1.0,-1.0,0,0,0.0
13.0,1.0,6.0,2.0,3.0,1.0,-1.0,0,0,0.0
17.0,2.0,27.0,1.0,4.0,1.0,-1.0,0,0,0.0
13.0,2.0,6.0,2.0,7.0,1.0,-1.0,0,0,0.0
15.0,2.0,6.0,2.0,8.0,1.0,-1.0,0,0,0.0
7.0,1.0,6.0,2.0,9.0,2.0,-1.0,0,0,0.0
6.0,2.0,6.0,1.0,4.0,2.0,-1.0,0,0,0.0
18.0,1.0,6.0,2.0,6.0,1.0,-1.0,0,0,0.0
11.0,2.0,6.0,1.0,5.0,1.0,-1.0,0,0,0.0
12.0,1.0,6.0,2.0,2.0,1.0,-1.0,0,0,0.0
13.0,2.0,6.0,2.0,5.0,1.0,-1.0,0,0,0.0
16.0,2.0,6.0,2.0,2.0,1.0,-1.0,0,0,0.0
11.0,1.0,6.0,2.0,8.0,1.0,-1.0,0,0,0.0
6.0,1.0,6.0,2.0,7.0,1.0,-1.0,0,0,0.0
11.0,2.0,6.0,2.0,2.0,1.0,-1.0,0,0,0.0
11.0,2.0,6.0,2.0,8.0,1.0,-1.0,0,0,0.0
10.0,1.0,6.0,2.0,2.0,1.0,-1.0,0,0,0.0
12.0,1.0,6.0,2.0,2.0,1.0,-1.0,0,0,0.0
16.0,1.0,6.0,2.0,2.0,1.0,-1.0,0,0,0.0
14.0,2.0,6.0,2.0,7.0,1.0,-1.0,0,0,0.0
10.0,1.0,6.0,2.0,5.0,1.0,-1.0,0,0,0.0
7.0,2.0,6.0,2.0,7.0,1.0,-1.0,0,0,0.0
11.0,2.0,6.0,2.0,3.0,1.0,-1.0,0,0,0.0
17.0,1.0,6.0,2.0,6.0,2.0,6.0,1,1,0.9733
6.0,1.0,6.0,2.0,9.0,1.0,-1.0,0,0,0.0
15.0,1.0,6.0,2.0,5.0,1.0,-1.0,0,0,0.0
